,addr1,addr2,areacode,cat1,cat2,cat3,contentid,contenttypeid,createdtime,firstimage,firstimage2,cpyrhtDivCd,mapx,mapy,mlevel,modifiedtime,sigungucode,tel,title,zipcode,pet,formatted_text
0,서울특별시 성동구 고산자로 71 (성수동1가),,1,A02,A0203,A02030400,3440844,관광지,20241210133055,http://tong.visitkorea.or.kr/cms/resource/23/3440823_image2_1.jpg,http://tong.visitkorea.or.kr/cms/resource/23/3440823_image3_1.jpg,Type1,127.0361052512,37.5457465853,6,20241227133142,16,0507-1357-8670,거꾸로하우스,04771,반려동물 동반 가능,[장소]서울특별시 성동구 고산자로 71 (성수동1가) [지역] 거꾸로하우스 [전화번호] 0507-1357-8670 [반려동물여부] 반려동물 동반 가능 [카테고리] 관광지
1,서울특별시 강남구 압구정로34길 33,"(신사동,현대맨션) 22-2-2",1,B02,B0201,B02011100,2607620,숙박,20190621194135,,,,127.0309007260,37.5261154387,,20241126105220,1,010-8282-3580,게스트하우스강남,06023,반려동물 동반 가능,[장소]서울특별시 강남구 압구정로34길 33 [지역] 게스트하우스강남 [전화번호] 010-8282-3580 [반려동물여부] 반려동물 동반 가능 [카테고리] 숙박
2,서울특별시 종로구 북촌로12길 35-1,,1,B02,B0201,B02011600,2950469,숙박,20230220105725,http://tong.visitkorea.or.kr/cms/resource/08/2948908_image2_1.JPG,http://tong.visitkorea.or.kr/cms/resource/08/2948908_image3_1.JPG,Type1,126.9858393299,37.5830052419,6,20241209113350,23,0507-1466-0232,고운[한국관광 품질인증/Korea Quality],03056,반려동물 동반 가능,[장소]서울특별시 종로구 북촌로12길 35-1 [지역] 고운[한국관광 품질인증/Korea Quality] [전화번호] 0507-1466-0232 [반려동물여부] 반려동물 동반 가능 [카테고리] 숙박
3,서울특별시 마포구 백범로15길 27 (대흥동),,1,B02,B0201,B02011100,3438351,숙박,20241206105557,,,,126.9431719619,37.5488806651,6,20250120115141,13,0507-1403-9314,관숙,04136,반려동물 동반 가능,[장소]서울특별시 마포구 백범로15길 27 (대흥동) [지역] 관숙 [전화번호] 0507-1403-9314 [반려동물여부] 반려동물 동반 가능 [카테고리] 숙박
4,서울특별시 서초구 사임당로17길 116 서초삼성래미안아파트,,1,B02,B0201,B02011100,2528117,숙박,20180104002417,http://tong.visitkorea.or.kr/cms/resource/81/2529081_image2_1.jpg,http://tong.visitkorea.or.kr/cms/resource/81/2529081_image3_1.jpg,Type3,127.0190443994,37.4933329219,6,20241222174405,15,010-7390-5901,교대게스트하우스,06635,반려동물 동반 가능,[장소]서울특별시 서초구 사임당로17길 116 서초삼성래미안아파트 [지역] 교대게스트하우스 [전화번호] 010-7390-5901 [반려동물여부] 반려동물 동반 가능 [카테고리] 숙박
5,서울특별시 구로구 구로중앙로42길 27,구로구 반려견 놀이터,1,A02,A0202,A02020700,3112063,관광지,20240328195446,,,,126.8757403642,37.5082258503,6,20240328214257,7,,구로구 반려견 놀이터,08205,반려동물 동반 가능,[장소]서울특별시 구로구 구로중앙로42길 27 [지역] 구로구 반려견 놀이터 [전화번호]  [반려동물여부] 반려동물 동반 가능 [카테고리] 관광지
6,서울특별시 동대문구 서울시립대로25길 10 (전농동),B101호,1,B02,B0201,B02011100,3438659,숙박,20241206132405,,,,127.0522138438,37.5827620188,6,20241218152408,11,010-7656-3228,그루브하우스,02557,반려동물 동반 가능,[장소]서울특별시 동대문구 서울시립대로25길 10 (전농동) [지역] 그루브하우스 [전화번호] 010-7656-3228 [반려동물여부] 반려동물 동반 가능 [카테고리] 숙박
7,서울특별시 마포구 양화로12길 8-12,(서교동),1,B02,B0201,B02011100,2576469,숙박,20181211200847,http://tong.visitkorea.or.kr/cms/resource/89/2576089_image2_1.jpg,http://tong.visitkorea.or.kr/cms/resource/89/2576089_image2_1.jpg,Type3,126.9179214153,37.5513826997,,20241126113818,13,"010-9992-1888, 010-9778-6518",나루게스트하우스,04043,반려동물 동반 가능,"[장소]서울특별시 마포구 양화로12길 8-12 [지역] 나루게스트하우스 [전화번호] 010-9992-1888, 010-9778-6518 [반려동물여부] 반려동물 동반 가능 [카테고리] 숙박"
8,서울특별시 마포구 양화로 177-1,(동교동),1,B02,B0201,B02011100,2607806,숙박,20190624194300,,,,126.9247400491,37.5580626011,,20241126113903,13,02-3142-8889,나비호스텔,03994,반려동물 동반 가능,[장소]서울특별시 마포구 양화로 177-1 [지역] 나비호스텔 [전화번호] 02-3142-8889 [반려동물여부] 반려동물 동반 가능 [카테고리] 숙박
9,서울특별시 종로구 낙산길 41,(동숭동),1,A02,A0202,A02020700,129501,관광지,20070403090000,http://tong.visitkorea.or.kr/cms/resource/09/3095709_image2_1.jpg,http://tong.visitkorea.or.kr/cms/resource/09/3095709_image3_1.jpg,Type1,127.0065125148,37.5805725621,6,20241209141014,23,,낙산공원,03085,반려동물 동반 가능,[장소]서울특별시 종로구 낙산길 41 [지역] 낙산공원 [전화번호]  [반려동물여부] 반려동물 동반 가능 [카테고리] 관광지
10,서울특별시 중구 퇴계로34길 28,(필동2가),1,A02,A0201,A02010600,126747,관광지,20040216090000,http://tong.visitkorea.or.kr/cms/resource/62/1946562_image2_1.jpg,http://tong.visitkorea.or.kr/cms/resource/62/1946562_image3_1.jpg,Type3,126.9940059289,37.5591248302,6,20241205141809,24,,남산골한옥마을,04626,반려동물 동반 가능,[장소]서울특별시 중구 퇴계로34길 28 [지역] 남산골한옥마을 [전화번호]  [반려동물여부] 반려동물 동반 가능 [카테고리] 관광지
11,서울특별시 중구 남산공원길 609 (예장동),,1,A01,A0101,A01010500,2783557,관광지,20211130201410,http://tong.visitkorea.or.kr/cms/resource/60/3458860_image2_1.jpg,http://tong.visitkorea.or.kr/cms/resource/60/3458860_image3_1.jpg,Type1,126.9866844934,37.5549112997,6,20241224095434,24,,남산순환나들길,04628,반려동물 동반 가능,[장소]서울특별시 중구 남산공원길 609 (예장동) [지역] 남산순환나들길 [전화번호]  [반려동물여부] 반려동물 동반 가능 [카테고리] 관광지
12,서울특별시 중구 퇴계로8길 93 (회현동1가),,,B02,B0201,B02011100,3438242,숙박,20241206104416,,,,126.9807683404,37.5557972017,6,20241218151915,,0507-1331-2598,남산스토리 나인,04633,반려동물 동반 가능,[장소]서울특별시 중구 퇴계로8길 93 (회현동1가) [지역] 남산스토리 나인 [전화번호] 0507-1331-2598 [반려동물여부] 반려동물 동반 가능 [카테고리] 숙박
13,서울특별시 용산구 양녕로 445 (이촌동),,1,A02,A0203,A02030400,2638475,관광지,20191125183515,,,,126.9580520415,37.5177178854,6,20250307094735,21,02-749-4500,노들섬,04427,반려동물 동반 가능,[장소]서울특별시 용산구 양녕로 445 (이촌동) [지역] 노들섬 [전화번호] 02-749-4500 [반려동물여부] 반려동물 동반 가능 [카테고리] 관광지
14,서울특별시 종로구 북촌로11가길 5 (가회동),,1,B02,B0201,B02011600,3072191,숙박,20231214171816,,,,126.9841756164,37.5821719756,6,20240324201941,23,02-3673-3666,노스텔지어,03052,반려동물 동반 가능,[장소]서울특별시 종로구 북촌로11가길 5 (가회동) [지역] 노스텔지어 [전화번호] 02-3673-3666 [반려동물여부] 반려동물 동반 가능 [카테고리] 숙박
15,서울특별시 강남구 논현로131길 40 (논현동),,1,A02,A0206,A02060900,3432213,문화시설,20241202114057,http://tong.visitkorea.or.kr/cms/resource/56/3431756_image2_1.jpg,http://tong.visitkorea.or.kr/cms/resource/56/3431756_image3_1.jpg,Type1,127.0271208603,37.5139001229,6,20241202114121,1,,논현문화마루도서관,06045,반려동물 동반 가능,[장소]서울특별시 강남구 논현로131길 40 (논현동) [지역] 논현문화마루도서관 [전화번호]  [반려동물여부] 반려동물 동반 가능 [카테고리] 문화시설
16,서울특별시 종로구 필운대로5나길 3-1,(누하동),1,B02,B0201,B02011600,2707440,숙박,20210227004534,http://tong.visitkorea.or.kr/cms/resource/89/3074289_image2_1.jpg,http://tong.visitkorea.or.kr/cms/resource/89/3074289_image3_1.jpg,Type1,126.9677966258,37.5796303100,,20241222174705,23,010–2429-0381,누와,03038,반려동물 동반 가능,[장소]서울특별시 종로구 필운대로5나길 3-1 [지역] 누와 [전화번호] 010–2429-0381 [반려동물여부] 반려동물 동반 가능 [카테고리] 숙박
17,서울특별시 종로구 필운대로 49-7,(누하동),1,B02,B0201,B02011600,2465474,숙박,20161221003915,,,,126.9681271310,37.5803496768,6,20241219114135,23,010-4347-5768,누하당,03037,반려동물 동반 가능,[장소]서울특별시 종로구 필운대로 49-7 [지역] 누하당 [전화번호] 010-4347-5768 [반려동물여부] 반려동물 동반 가능 [카테고리] 숙박
18,서울특별시 종로구 필운대로5길 17 (누하동),,,B02,B0201,B02011600,3438166,숙박,20241206102641,,,,126.9677383057,37.5793497865,6,20241218151321,,0507-1467-0181,뉠스테이,03039,반려동물 동반 가능,[장소]서울특별시 종로구 필운대로5길 17 (누하동) [지역] 뉠스테이 [전화번호] 0507-1467-0181 [반려동물여부] 반려동물 동반 가능 [카테고리] 숙박
19,서울특별시 중구 퇴계로20나길 2-15,(남산동2가),1,B02,B0201,B02011100,2570238,숙박,20181127202600,http://tong.visitkorea.or.kr/cms/resource/79/2568079_image2_1.jpg,http://tong.visitkorea.or.kr/cms/resource/79/2568079_image2_1.jpg,Type3,126.9852928439,37.5587830470,,20241126115224,24,"02-456-2338, 02-753-8080",능마루게스트하우스(Nungmaru Guesthouse),04631,반려동물 동반 가능,"[장소]서울특별시 중구 퇴계로20나길 2-15 [지역] 능마루게스트하우스(Nungmaru Guesthouse) [전화번호] 02-456-2338, 02-753-8080 [반려동물여부] 반려동물 동반 가능 [카테고리] 숙박"
20,서울특별시 마포구 양화로15안길 7,(서교동),1,B02,B0201,B02011100,2700281,숙박,20201221230802,,,,126.9190017894,37.5543268216,,20241126115309,13,,니트하우스,04031,반려동물 동반 가능,[장소]서울특별시 마포구 양화로15안길 7 [지역] 니트하우스 [전화번호]  [반려동물여부] 반려동물 동반 가능 [카테고리] 숙박
21,서울특별시 은평구 연서로50길 11-48 (진관동),,,B02,B0201,B02011600,3438485,숙박,20241206113344,,,,126.9398418735,37.6412309785,6,20241218153204,,010-2925-1148,다락재,03308,반려동물 동반 가능,[장소]서울특별시 은평구 연서로50길 11-48 (진관동) [지역] 다락재 [전화번호] 010-2925-1148 [반려동물여부] 반려동물 동반 가능 [카테고리] 숙박
22,서울특별시 강서구 송정로 70,(공항동) 53-15,1,B02,B0201,B02011100,2608491,숙박,20190629004836,,,,126.8099920982,37.5610157646,,20241126115707,4,010-6821-5028,다산하우스,07623,반려동물 동반 가능,[장소]서울특별시 강서구 송정로 70 [지역] 다산하우스 [전화번호] 010-6821-5028 [반려동물여부] 반려동물 동반 가능 [카테고리] 숙박
23,서울특별시 은평구 연서로50길 15 (진관동),,,B02,B0201,B02011600,3438452,숙박,20241206112721,,,,126.9392669459,37.6405310495,6,20241218153049,,0507-1437-0981,담서제,03308,반려동물 동반 가능,[장소]서울특별시 은평구 연서로50길 15 (진관동) [지역] 담서제 [전화번호] 0507-1437-0981 [반려동물여부] 반려동물 동반 가능 [카테고리] 숙박
24,서울특별시 종로구 북촌로9길 16-2,(가회동),1,B02,B0201,B02011600,1870779,숙박,20131213020234,http://tong.visitkorea.or.kr/cms/resource/20/2684320_image2_1.jpeg,http://tong.visitkorea.or.kr/cms/resource/20/2684320_image3_1.jpeg,Type3,126.9842978496,37.5813970676,6,20241126130106,23,010-3749-9550,담소정[한국관광 품질인증/Korea Quality],03055,반려동물 동반 가능,[장소]서울특별시 종로구 북촌로9길 16-2 [지역] 담소정[한국관광 품질인증/Korea Quality] [전화번호] 010-3749-9550 [반려동물여부] 반려동물 동반 가능 [카테고리] 숙박
25,서울특별시 영등포구 대림동,1050-43,1,A02,A0203,A02030600,2402981,관광지,20160820023653,http://tong.visitkorea.or.kr/cms/resource/89/2029889_image2_1.jpg,http://tong.visitkorea.or.kr/cms/resource/89/2029889_image3_1.jpg,Type3,126.8975138236,37.4924530714,6,20250306141545,20,,대림동 차이나타운,07416,반려동물 동반 가능,[장소]서울특별시 영등포구 대림동 [지역] 대림동 차이나타운 [전화번호]  [반려동물여부] 반려동물 동반 가능 [카테고리] 관광지
26,서울특별시 서초구 남부순환로328길 49 (서초동),,1,A02,A0201,A02010800,300076,관광지,20071128223420,http://tong.visitkorea.or.kr/cms/resource/68/2360968_image2_1.jpg,http://tong.visitkorea.or.kr/cms/resource/68/2360968_image3_1.jpg,Type3,127.0134731649,37.4763181306,6,20250226143412,15,,대성사(서울),06757,반려동물 동반 가능,[장소]서울특별시 서초구 남부순환로328길 49 (서초동) [지역] 대성사(서울) [전화번호]  [반려동물여부] 반려동물 동반 가능 [카테고리] 관광지
27,서울특별시 종로구 자하문로1다길 16-1 (체부동),,,B02,B0201,B02011600,3438379,숙박,20241206110402,,,,126.9706242068,37.5774889432,6,20241218152450,,0507-1349-1946,더 모먼트,03041,반려동물 동반 가능,[장소]서울특별시 종로구 자하문로1다길 16-1 (체부동) [지역] 더 모먼트 [전화번호] 0507-1349-1946 [반려동물여부] 반려동물 동반 가능 [카테고리] 숙박
28,서울특별시 동대문구 제기로 7 (제기동),2층,,B02,B0201,B02011100,3438094,숙박,20241206101849,,,,127.0337681902,37.5867084504,6,20241218151044,,0507-1349-8450,더쉼 공간,02473,반려동물 동반 가능,[장소]서울특별시 동대문구 제기로 7 (제기동) [지역] 더쉼 공간 [전화번호] 0507-1349-8450 [반려동물여부] 반려동물 동반 가능 [카테고리] 숙박
29,서울특별시 종로구 송월길 14-3,,1,A02,A0206,A02060100,2606223,문화시설,20190613011358,http://tong.visitkorea.or.kr/cms/resource/18/3020418_image2_1.jpg,http://tong.visitkorea.or.kr/cms/resource/18/3020418_image3_1.jpg,Type3,126.9685551943,37.5688843508,6,20250218105940,23,,돈의문박물관마을,03178,반려동물 동반 가능,[장소]서울특별시 종로구 송월길 14-3 [지역] 돈의문박물관마을 [전화번호]  [반려동물여부] 반려동물 동반 가능 [카테고리] 문화시설
30,서울특별시 동대문구 장안동 316-15(중랑천 장안교 하부),,1,A02,A0202,A02020700,3111840,관광지,20240326201321,,,,127.0757923339,37.5798461158,6,20240326201528,11,,동대문구 반려견 놀이터,02519,반려동물 동반 가능,[장소]서울특별시 동대문구 장안동 316-15(중랑천 장안교 하부) [지역] 동대문구 반려견 놀이터 [전화번호]  [반려동물여부] 반려동물 동반 가능 [카테고리] 관광지
31,서울특별시 중구 을지로 281,(을지로7가),1,A02,A0204,A02040800,2470006,관광지,20161228221826,http://tong.visitkorea.or.kr/cms/resource/51/3083051_image2_1.png,http://tong.visitkorea.or.kr/cms/resource/51/3083051_image3_1.png,Type3,127.0099486810,37.5675991318,6,20241206092324,24,,동대문디자인플라자(DDP),04566,반려동물 동반 가능,[장소]서울특별시 중구 을지로 281 [지역] 동대문디자인플라자(DDP) [전화번호]  [반려동물여부] 반려동물 동반 가능 [카테고리] 관광지
32,서울특별시 중구 을지로 281,(을지로7가),1,A02,A0202,A02020700,1906334,관광지,20140319021307,http://tong.visitkorea.or.kr/cms/resource/04/3064104_image2_1.JPG,http://tong.visitkorea.or.kr/cms/resource/04/3064104_image3_1.JPG,Type3,127.0101708978,37.5670686420,6,20241206090725,24,,동대문역사문화공원,04566,반려동물 동반 가능,[장소]서울특별시 중구 을지로 281 [지역] 동대문역사문화공원 [전화번호]  [반려동물여부] 반려동물 동반 가능 [카테고리] 관광지
33,서울특별시 관악구 남부순환로247가길 22,(봉천동)2층,1,B02,B0201,B02011100,2608495,숙박,20190629011042,,,,126.9654608369,37.4774199202,,20241126131139,5,070-4790-8641,둥글하우스 (Doonggle House),08801,반려동물 동반 가능,[장소]서울특별시 관악구 남부순환로247가길 22 [지역] 둥글하우스 (Doonggle House) [전화번호] 070-4790-8641 [반려동물여부] 반려동물 동반 가능 [카테고리] 숙박
34,서울특별시 노원구 동일로 1238 서울시립 북서울미술관,,1,A02,A0202,A02020700,3006915,관광지,20230904163828,http://tong.visitkorea.or.kr/cms/resource/00/3006900_image2_1.jpg,http://tong.visitkorea.or.kr/cms/resource/00/3006900_image3_1.jpg,Type3,127.0668719687,37.6407111019,6,20241209093551,9,,등나무근린공원,01783,반려동물 동반 가능,[장소]서울특별시 노원구 동일로 1238 서울시립 북서울미술관 [지역] 등나무근린공원 [전화번호]  [반려동물여부] 반려동물 동반 가능 [카테고리] 관광지
35,서울특별시 중구 소공로6길 32,(남산동2가) 2층,1,B02,B0201,B02011100,2576479,숙박,20181211201348,http://tong.visitkorea.or.kr/cms/resource/00/2576100_image2_1.jpg,http://tong.visitkorea.or.kr/cms/resource/00/2576100_image2_1.jpg,Type3,126.9847595700,37.5583997489,,20241126132701,24,010-3748-3902,레드,04630,반려동물 동반 가능,[장소]서울특별시 중구 소공로6길 32 [지역] 레드 [전화번호] 010-3748-3902 [반려동물여부] 반려동물 동반 가능 [카테고리] 숙박
36,서울특별시 중구 퇴계로 67,,1,B02,B0201,B02010100,2586384,숙박,20190109184205,http://tong.visitkorea.or.kr/cms/resource/20/2821120_image2_1.jpg,http://tong.visitkorea.or.kr/cms/resource/20/2821120_image3_1.jpg,Type3,126.9795572285,37.5597189467,6,20241209161005,24,02-317-4000,레스케이프 호텔 (L’Escape Hotel),04529,반려동물 동반 가능,[장소]서울특별시 중구 퇴계로 67 [지역] 레스케이프 호텔 (L’Escape Hotel) [전화번호] 02-317-4000 [반려동물여부] 반려동물 동반 가능 [카테고리] 숙박
37,서울특별시 강서구 공항대로 30,"(공항동,로얄스퀘어호텔서울)",1,B02,B0201,B02011100,2634434,숙박,20191109020036,,,,126.8103254099,37.5607102509,,20241125141137,4,,로얄스퀘어호텔,07623,반려동물 동반 가능,[장소]서울특별시 강서구 공항대로 30 [지역] 로얄스퀘어호텔 [전화번호]  [반려동물여부] 반려동물 동반 가능 [카테고리] 숙박
38,서울특별시 강서구 하늘길  77,(방화동),1,A04,A0401,A04010600,1535690,쇼핑,20120112224759,,,,126.8007428022,37.5659844669,6,20241209163723,4,02-6116-4000,롯데몰 김포공항점,07505,반려동물 동반 가능,[장소]서울특별시 강서구 하늘길  77 [지역] 롯데몰 김포공항점 [전화번호] 02-6116-4000 [반려동물여부] 반려동물 동반 가능 [카테고리] 쇼핑
39,서울특별시 송파구 올림픽로 300,,1,A02,A0205,A02050600,2003909,관광지,20150519202147,http://tong.visitkorea.or.kr/cms/resource/91/2938991_image2_1.bmp,http://tong.visitkorea.or.kr/cms/resource/91/2938991_image3_1.bmp,Type3,127.1025918048,37.5126349603,6,20241206105544,18,,롯데월드타워&롯데월드몰,05551,반려동물 동반 가능,[장소]서울특별시 송파구 올림픽로 300 [지역] 롯데월드타워&롯데월드몰 [전화번호]  [반려동물여부] 반려동물 동반 가능 [카테고리] 관광지
40,서울특별시 광진구 뚝섬로 702-4,(자양동),1,B02,B0201,B02011100,2650639,숙박,20200328012503,http://tong.visitkorea.or.kr/cms/resource/36/2650636_image2_1.jpg,http://tong.visitkorea.or.kr/cms/resource/36/2650636_image2_1.jpg,Type3,127.0873259497,37.5329878783,,20241126103754,6,010-2350-8887,리버사이드게스트하우스,05112,반려동물 동반 가능,[장소]서울특별시 광진구 뚝섬로 702-4 [지역] 리버사이드게스트하우스 [전화번호] 010-2350-8887 [반려동물여부] 반려동물 동반 가능 [카테고리] 숙박
41,서울특별시 중구 퇴계로68길 14 (광희동2가),,1,B02,B0201,B02010700,3103188,숙박,20240220095105,,,,127.0097710247,37.5638912266,6,20240731105149,24,010-4972-6903,리재,04614,반려동물 동반 가능,[장소]서울특별시 중구 퇴계로68길 14 (광희동2가) [지역] 리재 [전화번호] 010-4972-6903 [반려동물여부] 반려동물 동반 가능 [카테고리] 숙박
42,서울특별시 용산구 이태원로23길 26-5,(이태원동),1,B02,B0201,B02011100,2804387,숙박,20221231004936,http://tong.visitkorea.or.kr/cms/resource/10/2803310_image2_1.jpg,http://tong.visitkorea.or.kr/cms/resource/10/2803310_image3_1.jpg,Type3,126.9922206404,37.5358052852,6,20241126132957,21,0507-1326-4206,린다픽,04350,반려동물 동반 가능,[장소]서울특별시 용산구 이태원로23길 26-5 [지역] 린다픽 [전화번호] 0507-1326-4206 [반려동물여부] 반려동물 동반 가능 [카테고리] 숙박
43,서울특별시 강동구 양재대로111길 28 (길동),,1,B02,B0201,B02010100,3469416,숙박,20250123084811,,,,127.1381489723,37.5375465985,6,20250218100229,2,0507-1348-0942,마리호텔,05353,반려동물 동반 가능,[장소]서울특별시 강동구 양재대로111길 28 (길동) [지역] 마리호텔 [전화번호] 0507-1348-0942 [반려동물여부] 반려동물 동반 가능 [카테고리] 숙박
44,서울특별시 성동구 성수이로 97,5층,1,A05,A0502,A05020900,2938669,음식점,20221222172823,,,,127.0566034424,37.5436999698,6,20240730222849,16,,맥파이앤타이거 성수티룸,04782,반려동물 동반 가능,[장소]서울특별시 성동구 성수이로 97 [지역] 맥파이앤타이거 성수티룸 [전화번호]  [반려동물여부] 반려동물 동반 가능 [카테고리] 음식점
45,서울특별시 강남구 도산대로67길 13-3 (청담동),EMPRESS빌딩 B1층,1,A05,A0502,A05020900,3017749,음식점,20231004182424,,,,127.0441467779,37.5248436022,6,20241128150611,1,,먼데이투선데이,06016,반려동물 동반 가능,[장소]서울특별시 강남구 도산대로67길 13-3 (청담동) [지역] 먼데이투선데이 [전화번호]  [반려동물여부] 반려동물 동반 가능 [카테고리] 음식점
46,서울특별시 중구 을지로 66,,1,A02,A0203,A02030400,264311,관광지,20021219014622,,,,126.9850038013,37.5651434137,6,20241209121917,24,,명동,04538,반려동물 동반 가능,[장소]서울특별시 중구 을지로 66 [지역] 명동 [전화번호]  [반려동물여부] 반려동물 동반 가능 [카테고리] 관광지
47,서울특별시 종로구 혜화로16길 13-6,,1,B02,B0201,B02011600,2465875,숙박,20161221221731,,,,126.9997239545,37.5907990296,6,20241205124004,23,02-744-2837,모꼬지[한국관광 품질인증/Korea Quality],03067,반려동물 동반 가능,[장소]서울특별시 종로구 혜화로16길 13-6 [지역] 모꼬지[한국관광 품질인증/Korea Quality] [전화번호] 02-744-2837 [반려동물여부] 반려동물 동반 가능 [카테고리] 숙박
48,서울특별시 서초구 반포대로37길 59,(반포동) 부근,1,A02,A0202,A02020700,753981,관광지,20090617195541,http://tong.visitkorea.or.kr/cms/resource/07/3456307_image2_1.jpg,http://tong.visitkorea.or.kr/cms/resource/07/3456307_image3_1.jpg,Type1,127.0037401743,37.4955435016,6,20241220162840,15,,몽마르뜨공원,06579,반려동물 동반 가능,[장소]서울특별시 서초구 반포대로37길 59 [지역] 몽마르뜨공원 [전화번호]  [반려동물여부] 반려동물 동반 가능 [카테고리] 관광지
49,서울특별시 동대문구 서울시립대로4길 27-27 (전농동),,,B02,B0201,B02011600,3102032,숙박,20240217111753,,,,127.0484255222,37.5749489699,6,20241205130105,,010-7388-9922,무아기와,02594,반려동물 동반 가능,[장소]서울특별시 동대문구 서울시립대로4길 27-27 (전농동) [지역] 무아기와 [전화번호] 010-7388-9922 [반려동물여부] 반려동물 동반 가능 [카테고리] 숙박
50,서울특별시 종로구 윤보선길 19-16 (안국동),,,B02,B0201,B02011600,3438215,숙박,20241206103627,,,,126.9836202496,37.5772947544,6,20241218151643,,0507-1438-1392,무월관,03061,반려동물 동반 가능,[장소]서울특별시 종로구 윤보선길 19-16 (안국동) [지역] 무월관 [전화번호] 0507-1438-1392 [반려동물여부] 반려동물 동반 가능 [카테고리] 숙박
51,서울특별시 영등포구 도림로128가길 13-8 (문래동3가),,1,A02,A0203,A02030100,2781318,관광지,20211126033532,,,,126.8976881922,37.5143449757,6,20250306130920,20,,문래창작촌,07299,반려동물 동반 가능,[장소]서울특별시 영등포구 도림로128가길 13-8 (문래동3가) [지역] 문래창작촌 [전화번호]  [반려동물여부] 반려동물 동반 가능 [카테고리] 관광지
52,서울특별시 마포구 증산로 87,,1,A02,A0206,A02060200,2553929,문화시설,20180717194839,http://tong.visitkorea.or.kr/cms/resource/67/3340967_image2_1.jpg,http://tong.visitkorea.or.kr/cms/resource/67/3340967_image3_1.jpg,Type3,126.8951646315,37.5699856862,6,20250225094255,13,,문화비축기지,03914,반려동물 동반 가능,[장소]서울특별시 마포구 증산로 87 [지역] 문화비축기지 [전화번호]  [반려동물여부] 반려동물 동반 가능 [카테고리] 문화시설
53,서울특별시 종로구 북촌로6길 25-6,(계동),1,B02,B0201,B02011600,2608499,숙박,20190629013559,,,,126.9863532384,37.5806638566,,20241126135354,23,010-3143-7096,미담 한옥 게스트 하우스,03056,반려동물 동반 가능,[장소]서울특별시 종로구 북촌로6길 25-6 [지역] 미담 한옥 게스트 하우스 [전화번호] 010-3143-7096 [반려동물여부] 반려동물 동반 가능 [카테고리] 숙박
54,서울특별시 마포구 동교로38길 27,(연남동) 2층,1,B02,B0201,B02011100,2669165,숙박,20200827001419,,,,126.9255954220,37.5617871840,,20241126135452,13,,미로 게스트하우스,03982,반려동물 동반 가능,[장소]서울특별시 마포구 동교로38길 27 [지역] 미로 게스트하우스 [전화번호]  [반려동물여부] 반려동물 동반 가능 [카테고리] 숙박
55,서울특별시 서초구 신반포로11길 40 (반포동),,1,A02,A0205,A02050300,729167,관광지,20090428223804,,,,126.9927658294,37.5077391108,6,20250226135808,15,,반포대교 달빛무지개분수,06500,반려동물 동반 가능,[장소]서울특별시 서초구 신반포로11길 40 (반포동) [지역] 반포대교 달빛무지개분수 [전화번호]  [반려동물여부] 반려동물 동반 가능 [카테고리] 관광지
56,서울특별시 용산구 이태원로26길 25-12 (이태원동),,1,B02,B0201,B02011100,3102095,숙박,20240217123648,,,,126.9939205548,37.5333861525,6,20241205111644,21,010-5703-5703,보라보라,04391,반려동물 동반 가능,[장소]서울특별시 용산구 이태원로26길 25-12 (이태원동) [지역] 보라보라 [전화번호] 010-5703-5703 [반려동물여부] 반려동물 동반 가능 [카테고리] 숙박
57,서울특별시 종로구 계동길 52-11,(계동),1,B02,B0201,B02011600,2592489,숙박,20190319202043,http://tong.visitkorea.or.kr/cms/resource/68/2631068_image2_1.jpg,http://tong.visitkorea.or.kr/cms/resource/68/2631068_image3_1.jpg,Type3,126.9872920687,37.5797056512,,20250305094229,23,010-3255-1289,복합한옥공간 곳,03057,반려동물 동반 가능,[장소]서울특별시 종로구 계동길 52-11 [지역] 복합한옥공간 곳 [전화번호] 010-3255-1289 [반려동물여부] 반려동물 동반 가능 [카테고리] 숙박
58,서울특별시 송파구 위례성대로2길 49 (방이동),지하 03호,,B02,B0201,B02011100,3102025,숙박,20240217105303,,,,127.1114909876,37.5128878700,6,20240731110742,,010-4242-1670,봉봉피아,05546,반려동물 동반 가능,[장소]서울특별시 송파구 위례성대로2길 49 (방이동) [지역] 봉봉피아 [전화번호] 010-4242-1670 [반려동물여부] 반려동물 동반 가능 [카테고리] 숙박
59,서울특별시 강북구 월계로 173,,1,A01,A0101,A01010500,822384,관광지,20091017024859,,,,127.0407498436,37.6233876457,6,20250315202935,3,,북서울꿈의숲,01228,반려동물 동반 가능,[장소]서울특별시 강북구 월계로 173 [지역] 북서울꿈의숲 [전화번호]  [반려동물여부] 반려동물 동반 가능 [카테고리] 관광지
60,서울특별시 강북구 월계로 173,,1,A02,A0202,A02020700,3112044,관광지,20240328194744,,,,127.0445440464,37.6197242510,6,20240328202609,3,02-901-6463,북서울꿈의숲 강북구 반려견 놀이터,01228,반려동물 동반 가능,[장소]서울특별시 강북구 월계로 173 [지역] 북서울꿈의숲 강북구 반려견 놀이터 [전화번호] 02-901-6463 [반려동물여부] 반려동물 동반 가능 [카테고리] 관광지
61,서울특별시 종로구 북악산로 267,(평창동),1,A02,A0202,A02020700,126943,관광지,20020510090000,http://tong.visitkorea.or.kr/cms/resource/32/2667332_image2_1.jpg,http://tong.visitkorea.or.kr/cms/resource/32/2667332_image3_1.jpg,Type3,126.9805670485,37.6020279352,6,20241205152043,23,,북악스카이 팔각정,03010,반려동물 동반 가능,[장소]서울특별시 종로구 북악산로 267 [지역] 북악스카이 팔각정 [전화번호]  [반려동물여부] 반려동물 동반 가능 [카테고리] 관광지
62,서울특별시 성북구 성북로23길 132-3,,1,A02,A0203,A02030100,2661492,관광지,20200630023540,,,,126.9910580174,37.5929152943,6,20241206132802,17,,북정마을,02879,반려동물 동반 가능,[장소]서울특별시 성북구 성북로23길 132-3 [지역] 북정마을 [전화번호]  [반려동물여부] 반려동물 동반 가능 [카테고리] 관광지
63,서울특별시 종로구 계동길 37,(계동),1,A02,A0201,A02010600,1100498,관광지,20100928193253,http://tong.visitkorea.or.kr/cms/resource/81/933781_image2_1.jpg,http://tong.visitkorea.or.kr/cms/resource/81/933781_image3_1.jpg,Type3,126.9864254967,37.5791612548,6,20241205133428,23,,북촌 8경,03059,반려동물 동반 가능,[장소]서울특별시 종로구 계동길 37 [지역] 북촌 8경 [전화번호]  [반려동물여부] 반려동물 동반 가능 [카테고리] 관광지
64,서울특별시 종로구 북촌로 20-17,(재동),1,B02,B0201,B02011600,2575836,숙박,20181210230601,http://tong.visitkorea.or.kr/cms/resource/42/2575642_image2_1.PNG,http://tong.visitkorea.or.kr/cms/resource/42/2575642_image2_1.PNG,Type3,126.9856811352,37.5786279695,,20241127144135,23,,북촌 게스트하우스,03059,반려동물 동반 가능,[장소]서울특별시 종로구 북촌로 20-17 [지역] 북촌 게스트하우스 [전화번호]  [반려동물여부] 반려동물 동반 가능 [카테고리] 숙박
65,서울특별시 종로구 북촌로11가길 27 (가회동),,1,B02,B0201,B02011600,3438381,숙박,20241206110610,,,,126.9839256220,37.5827802333,6,20241218152520,23,0507-1427-3171,북촌다락방,03052,반려동물 동반 가능,[장소]서울특별시 종로구 북촌로11가길 27 (가회동) [지역] 북촌다락방 [전화번호] 0507-1427-3171 [반려동물여부] 반려동물 동반 가능 [카테고리] 숙박
66,서울특별시 종로구 계동길 37 (계동),,1,A02,A0201,A02010600,126537,관광지,20021120090000,http://tong.visitkorea.or.kr/cms/resource/04/3304404_image2_1.jpg,http://tong.visitkorea.or.kr/cms/resource/04/3304404_image3_1.jpg,Type3,126.9867060298,37.5790529392,6,20250312153104,23,,북촌한옥마을,03059,반려동물 동반 가능,[장소]서울특별시 종로구 계동길 37 (계동) [지역] 북촌한옥마을 [전화번호]  [반려동물여부] 반려동물 동반 가능 [카테고리] 관광지
67,서울특별시 노원구 한글비석로12길 51-27 (중계동),,1,A02,A0202,A02020700,2733975,관광지,20210817190618,http://tong.visitkorea.or.kr/cms/resource/75/2767875_image2_1.jpg,http://tong.visitkorea.or.kr/cms/resource/75/2767875_image2_1.jpg,Type3,127.0806480674,37.6555346269,6,20241209154351,9,"불암산나비정원 : 02-2116-0557~0559
노원정원지원센터(카페포레스트)
: 02-2116-0566~0567, 0537
산림치유센터 : 02-2116-0538~0540",불암산나비정원,01719,반려동물 동반 가능,"[장소]서울특별시 노원구 한글비석로12길 51-27 (중계동) [지역] 불암산나비정원 [전화번호] 불암산나비정원 : 02-2116-0557~0559
노원정원지원센터(카페포레스트)
: 02-2116-0566~0567, 0537
산림치유센터 : 02-2116-0538~0540 [반려동물여부] 반려동물 동반 가능 [카테고리] 관광지"
68,서울특별시 강남구 강남대로110길 31-1,(역삼동),1,B02,B0201,B02011100,2610892,숙박,20190712192806,,,,127.0273600035,37.5041457045,,20241126152611,1,010-3114-9132,빅 존스 플레이스,06124,반려동물 동반 가능,[장소]서울특별시 강남구 강남대로110길 31-1 [지역] 빅 존스 플레이스 [전화번호] 010-3114-9132 [반려동물여부] 반려동물 동반 가능 [카테고리] 숙박
69,서울특별시 종로구 율곡로1길 40-59 (사간동),,,B02,B0201,B02011600,3438402,숙박,20241206110818,,,,126.9814037605,37.5781612808,6,20241218152606,,0507-1308-1192,사사로이,03062,반려동물 동반 가능,[장소]서울특별시 종로구 율곡로1길 40-59 (사간동) [지역] 사사로이 [전화번호] 0507-1308-1192 [반려동물여부] 반려동물 동반 가능 [카테고리] 숙박
70,서울특별시 성북구 성북로 76-11 (성북동),,1,B02,B0201,B02011600,3438431,숙박,20241206111853,,,,127.0000238388,37.5939097842,6,20241218152846,17,0504-0904-2789,사월 한옥,02836,반려동물 동반 가능,[장소]서울특별시 성북구 성북로 76-11 (성북동) [지역] 사월 한옥 [전화번호] 0504-0904-2789 [반려동물여부] 반려동물 동반 가능 [카테고리] 숙박
71,서울특별시 은평구 연서로50길 11-26 (진관동),,,B02,B0201,B02011600,3438435,숙박,20241206112307,,,,126.9401362914,37.6412337613,6,20241218152959,,0507-1443-3462,사임당 귀한그대,03308,반려동물 동반 가능,[장소]서울특별시 은평구 연서로50길 11-26 (진관동) [지역] 사임당 귀한그대 [전화번호] 0507-1443-3462 [반려동물여부] 반려동물 동반 가능 [카테고리] 숙박
72,서울특별시 종로구 율곡로4길 11-8 (견지동),,,B02,B0201,B02011600,3438287,숙박,20241206105008,,,,126.9823065475,37.5749311166,6,20241218152046,,0504-0904-2553,사적인,03144,반려동물 동반 가능,[장소]서울특별시 종로구 율곡로4길 11-8 (견지동) [지역] 사적인 [전화번호] 0504-0904-2553 [반려동물여부] 반려동물 동반 가능 [카테고리] 숙박
73,서울특별시 관악구 호암로 454-16,,1,A02,A0201,A02010900,756600,관광지,20090623235902,,,,126.9291258310,37.4569855320,6,20250218133037,5,,삼성산성지,08822,반려동물 동반 가능,[장소]서울특별시 관악구 호암로 454-16 [지역] 삼성산성지 [전화번호]  [반려동물여부] 반려동물 동반 가능 [카테고리] 관광지
74,서울특별시 종로구 삼청로4길 12-1,(화동),1,B02,B0201,B02011100,2588198,숙박,20190111200909,,,,126.9820258140,37.5821136107,,20241126153835,23,,삼청동 코리아 게스트하우스,,반려동물 동반 가능,[장소]서울특별시 종로구 삼청로4길 12-1 [지역] 삼청동 코리아 게스트하우스 [전화번호]  [반려동물여부] 반려동물 동반 가능 [카테고리] 숙박
75,서울특별시 노원구 한글비석로 346 노원구어린이도서관,,1,A02,A0202,A02020700,3006983,관광지,20230904165917,http://tong.visitkorea.or.kr/cms/resource/71/3006971_image2_1.jpg,http://tong.visitkorea.or.kr/cms/resource/71/3006971_image3_1.jpg,Type3,127.0763178356,37.6580231480,6,20241209093919,9,,삿갓봉근린공원,01715,반려동물 동반 가능,[장소]서울특별시 노원구 한글비석로 346 노원구어린이도서관 [지역] 삿갓봉근린공원 [전화번호]  [반려동물여부] 반려동물 동반 가능 [카테고리] 관광지
76,서울특별시 은평구 연서로50길 3-8 (진관동),,,B02,B0201,B02011600,3438494,숙박,20241206113552,,,,126.9386030872,37.6416086903,6,20241218153239,,0507-1382-1966,상상헌,03308,반려동물 동반 가능,[장소]서울특별시 은평구 연서로50길 3-8 (진관동) [지역] 상상헌 [전화번호] 0507-1382-1966 [반려동물여부] 반려동물 동반 가능 [카테고리] 숙박
77,서울특별시 강남구 도산대로17길 10 (신사동),B1,1,A05,A0502,A05020900,3075321,음식점,20231005100156,,,,127.0249375689,37.5194355520,6,20241129132440,1,,새들러하우스(SADDLER HAUS),06037,반려동물 동반 가능,[장소]서울특별시 강남구 도산대로17길 10 (신사동) [지역] 새들러하우스(SADDLER HAUS) [전화번호]  [반려동물여부] 반려동물 동반 가능 [카테고리] 음식점
78,서울특별시 은평구 진관길 11-7 (진관동),,,B02,B0201,B02011600,3438468,숙박,20241206112929,,,,126.9392224370,37.6429502120,6,20241218153112,,0504-0904-2659,생활서가,03308,반려동물 동반 가능,[장소]서울특별시 은평구 진관길 11-7 (진관동) [지역] 생활서가 [전화번호] 0504-0904-2659 [반려동물여부] 반려동물 동반 가능 [카테고리] 숙박
79,서울특별시 관악구 남부순환로247길 14-8,(봉천동)2층,1,B02,B0201,B02011100,2608496,숙박,20190629011853,,,,126.9666746399,37.4765478211,,20241126154234,5,010-4262-8641,샤갈의 집,08802,반려동물 동반 가능,[장소]서울특별시 관악구 남부순환로247길 14-8 [지역] 샤갈의 집 [전화번호] 010-4262-8641 [반려동물여부] 반려동물 동반 가능 [카테고리] 숙박
80,서울특별시 서초구 반포동,,1,A02,A0203,A02030100,1021339,관광지,20100514014128,http://tong.visitkorea.or.kr/cms/resource/19/2658219_image2_1.jpg,http://tong.visitkorea.or.kr/cms/resource/19/2658219_image3_1.jpg,Type3,126.9981601041,37.4963433090,6,20241209153347,15,,서래마을,06577,반려동물 동반 가능,[장소]서울특별시 서초구 반포동 [지역] 서래마을 [전화번호]  [반려동물여부] 반려동물 동반 가능 [카테고리] 관광지
81,서울특별시 종로구 종로40가길 14,,1,A02,A0203,A02030600,704507,관광지,20090310214032,http://tong.visitkorea.or.kr/cms/resource/53/2601453_image2_1.jpg,http://tong.visitkorea.or.kr/cms/resource/53/2601453_image3_1.jpg,Type3,127.0058684191,37.5703487391,6,20241209144533,23,,서울 동대문 닭한마리 골목,03197,반려동물 동반 가능,[장소]서울특별시 종로구 종로40가길 14 [지역] 서울 동대문 닭한마리 골목 [전화번호]  [반려동물여부] 반려동물 동반 가능 [카테고리] 관광지
82,서울특별시 송파구 오금로219,(방이동),1,A02,A0201,A02010700,126515,관광지,20020510090000,http://tong.visitkorea.or.kr/cms/resource/11/1567811_image2_1.jpg,http://tong.visitkorea.or.kr/cms/resource/11/1567811_image3_1.jpg,Type3,127.1178488772,37.5081579775,6,20250108154251,18,,서울 방이동 고분군,05644,반려동물 동반 가능,[장소]서울특별시 송파구 오금로219 [지역] 서울 방이동 고분군 [전화번호]  [반려동물여부] 반려동물 동반 가능 [카테고리] 관광지
83,서울특별시 송파구 가락로7길21,(석촌동),1,A02,A0201,A02010700,127466,관광지,20030630090000,http://tong.visitkorea.or.kr/cms/resource/89/203889_image2_1.jpg,http://tong.visitkorea.or.kr/cms/resource/89/203889_image3_1.jpg,Type3,127.1028309684,37.5021945110,6,20241209152532,18,,서울 석촌동 고분군,05682,반려동물 동반 가능,[장소]서울특별시 송파구 가락로7길21 [지역] 서울 석촌동 고분군 [전화번호]  [반려동물여부] 반려동물 동반 가능 [카테고리] 관광지
84,서울특별시 성북구 화랑로 76,코업스타클래스 102동 1603호,1,B02,B0201,B02011100,2574202,숙박,20181206015338,http://tong.visitkorea.or.kr/cms/resource/73/2573573_image2_1.jpg,http://tong.visitkorea.or.kr/cms/resource/73/2573573_image2_1.jpg,Type3,127.0404421537,37.6017901504,,20241126154431,17,010-2227-9627,서울 성북 홈스테이,02751,반려동물 동반 가능,[장소]서울특별시 성북구 화랑로 76 [지역] 서울 성북 홈스테이 [전화번호] 010-2227-9627 [반려동물여부] 반려동물 동반 가능 [카테고리] 숙박
85,서울특별시 중구 퇴계로10길 20-18,(회현동1가),1,B02,B0201,B02011100,2570293,숙박,20181127224338,http://tong.visitkorea.or.kr/cms/resource/19/2568119_image2_1.jpg,http://tong.visitkorea.or.kr/cms/resource/19/2568119_image2_1.jpg,Type3,126.9800488938,37.5581885778,,20241126154452,24,02-318-5168,서울 타이완 게스트하우스,04634,반려동물 동반 가능,[장소]서울특별시 중구 퇴계로10길 20-18 [지역] 서울 타이완 게스트하우스 [전화번호] 02-318-5168 [반려동물여부] 반려동물 동반 가능 [카테고리] 숙박
86,서울특별시 중구 한강대로 405,,1,A02,A0202,A02020700,2495561,관광지,20170609195058,http://tong.visitkorea.or.kr/cms/resource/09/3081409_image2_1.jpg,http://tong.visitkorea.or.kr/cms/resource/09/3081409_image3_1.jpg,Type3,126.9706609645,37.5545193912,6,20241205133336,24,,서울로 7017,04509,반려동물 동반 가능,[장소]서울특별시 중구 한강대로 405 [지역] 서울로 7017 [전화번호]  [반려동물여부] 반려동물 동반 가능 [카테고리] 관광지
87,서울특별시 성동구 자동차시장길 49 (용답동),,1,A02,A0204,A02040800,2553908,관광지,20180717185713,,,,127.0578667897,37.5587371344,6,20250227142416,16,,서울새활용플라자,04807,반려동물 동반 가능,[장소]서울특별시 성동구 자동차시장길 49 (용답동) [지역] 서울새활용플라자 [전화번호]  [반려동물여부] 반려동물 동반 가능 [카테고리] 관광지
88,서울특별시 성동구 뚝섬로 273,,1,A02,A0202,A02020700,128611,관광지,20050927090000,,,,127.0418131384,37.5431247707,6,20250220095201,16,,서울숲,04770,반려동물 동반 가능,[장소]서울특별시 성동구 뚝섬로 273 [지역] 서울숲 [전화번호]  [반려동물여부] 반려동물 동반 가능 [카테고리] 관광지
89,서울특별시 강서구 마곡동로 161 (마곡동),,1,A01,A0101,A01010700,2589349,관광지,20190124194713,http://tong.visitkorea.or.kr/cms/resource/60/2658460_image2_1.jpg,http://tong.visitkorea.or.kr/cms/resource/60/2658460_image3_1.jpg,Type3,126.8360144928,37.5692236076,6,20250315211418,4,,서울식물원,07789,반려동물 동반 가능,[장소]서울특별시 강서구 마곡동로 161 (마곡동) [지역] 서울식물원 [전화번호]  [반려동물여부] 반려동물 동반 가능 [카테고리] 관광지
90,서울특별시 용산구 만리재로36길 16-7,(서계동),1,B02,B0201,B02011100,2622608,숙박,20191002233357,,,,126.9666530196,37.5536999701,,20240324201739,21,02-2039-2911,서울역 알게스트하우스,04300,반려동물 동반 가능,[장소]서울특별시 용산구 만리재로36길 16-7 [지역] 서울역 알게스트하우스 [전화번호] 02-2039-2911 [반려동물여부] 반려동물 동반 가능 [카테고리] 숙박
91,서울특별시 종로구 율곡로5길 3-19,(안국동),1,B02,B0201,B02011600,2569150,숙박,20181123184716,http://tong.visitkorea.or.kr/cms/resource/75/2566975_image2_1.jpg,http://tong.visitkorea.or.kr/cms/resource/75/2566975_image2_1.jpg,Type3,126.9846035015,37.5770059170,,20241125141549,23,010-9956-5953,서울이야기 한옥(서울이야기한옥게스트하우스),03060,반려동물 동반 가능,[장소]서울특별시 종로구 율곡로5길 3-19 [지역] 서울이야기 한옥(서울이야기한옥게스트하우스) [전화번호] 010-9956-5953 [반려동물여부] 반려동물 동반 가능 [카테고리] 숙박
92,서울특별시 마포구 대흥로30길 18-10,(염리동),1,B02,B0201,B02011100,2612196,숙박,20190720011305,,,,126.9468714213,37.5560798947,,20241126154521,13,010-4458-0876,서울큐브 이화,04113,반려동물 동반 가능,[장소]서울특별시 마포구 대흥로30길 18-10 [지역] 서울큐브 이화 [전화번호] 010-4458-0876 [반려동물여부] 반려동물 동반 가능 [카테고리] 숙박
93,서울특별시 마포구 성미산로 189,(연남동),1,B02,B0201,B02011100,2652747,숙박,20200416233726,http://tong.visitkorea.or.kr/cms/resource/46/2652746_image2_1.jpg,http://tong.visitkorea.or.kr/cms/resource/46/2652746_image2_1.jpg,Type3,126.9264036431,37.5631509288,,20241126154543,13,02-720-2960,서울크라운88게스트하우스[한국관광 품질인증/Korea Quality],03981,반려동물 동반 가능,[장소]서울특별시 마포구 성미산로 189 [지역] 서울크라운88게스트하우스[한국관광 품질인증/Korea Quality] [전화번호] 02-720-2960 [반려동물여부] 반려동물 동반 가능 [카테고리] 숙박
94,서울특별시 종로구 자하문로7길 28-3,(통인동),1,B02,B0201,B02011600,2465879,숙박,20161221224453,http://tong.visitkorea.or.kr/cms/resource/86/2998986_image2_1.jpg,http://tong.visitkorea.or.kr/cms/resource/86/2998986_image3_1.jpg,Type1,126.9706491586,37.5790915353,6,20241126154634,23,02-473-9680,서촌게스트하우스[한국관광 품질인증/Korea Quality],03040,반려동물 동반 가능,[장소]서울특별시 종로구 자하문로7길 28-3 [지역] 서촌게스트하우스[한국관광 품질인증/Korea Quality] [전화번호] 02-473-9680 [반려동물여부] 반려동물 동반 가능 [카테고리] 숙박
95,서울특별시 종로구 필운대로 45,,1,A02,A0203,A02030100,2037020,관광지,20151029231910,http://tong.visitkorea.or.kr/cms/resource/94/2678694_image2_1.jpg,http://tong.visitkorea.or.kr/cms/resource/94/2678694_image3_1.jpg,Type3,126.9729684191,37.5781277997,6,20241209144427,23,,서촌마을,03037,반려동물 동반 가능,[장소]서울특별시 종로구 필운대로 45 [지역] 서촌마을 [전화번호]  [반려동물여부] 반려동물 동반 가능 [카테고리] 관광지
96,서울특별시 종로구 필운대로5가길 29,(누하동),1,B02,B0201,B02011600,2583741,숙박,20181228192600,,,,126.9675494067,37.5803191143,,20240731100220,23,0504-0904-2001,서촌영락재,03037,반려동물 동반 가능,[장소]서울특별시 종로구 필운대로5가길 29 [지역] 서촌영락재 [전화번호] 0504-0904-2001 [반려동물여부] 반려동물 동반 가능 [카테고리] 숙박
97,서울특별시 용산구 한강대로23길 55 (한강로3가),,1,A02,A0203,A02030400,1987566,관광지,20150209185702,http://tong.visitkorea.or.kr/cms/resource/89/3304789_image2_1.JPG,http://tong.visitkorea.or.kr/cms/resource/89/3304789_image3_1.JPG,Type3,126.9647566449,37.5298249324,6,20250307092051,21,,서해금빛열차,04377,반려동물 동반 가능,[장소]서울특별시 용산구 한강대로23길 55 (한강로3가) [지역] 서해금빛열차 [전화번호]  [반려동물여부] 반려동물 동반 가능 [카테고리] 관광지
98,서울특별시 종로구 북촌로 94-14 (가회동),선음재,1,B02,B0201,B02011600,3102210,숙박,20240217152332,,,,126.9856309563,37.5850966614,6,20241205124230,23,010-2882-1090,선음재,03051,반려동물 동반 가능,[장소]서울특별시 종로구 북촌로 94-14 (가회동) [지역] 선음재 [전화번호] 010-2882-1090 [반려동물여부] 반려동물 동반 가능 [카테고리] 숙박
99,서울특별시 성북구 동소문로13가길 76-5 (동소문동4가),,,B02,B0201,B02011600,3438420,숙박,20241206111440,,,,127.0090369956,37.5907436477,6,20241218152738,,0507-1485-1088,성북 은은한가,02832,반려동물 동반 가능,[장소]서울특별시 성북구 동소문로13가길 76-5 (동소문동4가) [지역] 성북 은은한가 [전화번호] 0507-1485-1088 [반려동물여부] 반려동물 동반 가능 [카테고리] 숙박
100,서울특별시 성동구 성수이로14길 14,(성수동2가),1,A02,A0203,A02030400,2745594,관광지,20210915234112,,,,127.0568784737,37.5417140944,6,20241205120057,16,,성수연방,04784,반려동물 동반 가능,[장소]서울특별시 성동구 성수이로14길 14 [지역] 성수연방 [전화번호]  [반려동물여부] 반려동물 동반 가능 [카테고리] 관광지
101,서울특별시 서초구 올림픽대로 2085-14,,1,A02,A0202,A02020600,970052,관광지,20100310003045,,,,126.9951432925,37.5111915303,6,20241205143637,15,,세빛섬,06500,반려동물 동반 가능,[장소]서울특별시 서초구 올림픽대로 2085-14 [지역] 세빛섬 [전화번호]  [반려동물여부] 반려동물 동반 가능 [카테고리] 관광지
102,서울특별시 은평구 연서로50길 17,(진관동),1,B02,B0201,B02011600,2660696,숙박,20200622234656,,,,126.9395335943,37.6403283002,,20241126155434,22,,세연재,03308,반려동물 동반 가능,[장소]서울특별시 은평구 연서로50길 17 [지역] 세연재 [전화번호]  [반려동물여부] 반려동물 동반 가능 [카테고리] 숙박
103,서울특별시 동대문구 서울시립대로25길 10 (전농동),B102호,1,B02,B0201,B02011100,3438030,숙박,20241206095455,,,,127.0522138438,37.5827620188,6,20241218151204,11,010-2145-4339,센서빌리,02557,반려동물 동반 가능,[장소]서울특별시 동대문구 서울시립대로25길 10 (전농동) [지역] 센서빌리 [전화번호] 010-2145-4339 [반려동물여부] 반려동물 동반 가능 [카테고리] 숙박
104,서울특별시 마포구 마포대로14길 12-17,(공덕동),1,B02,B0201,B02011600,2696312,숙박,20201210223650,,,,126.9559902624,37.5480393261,,20241126155751,13,,소담스테이,04210,반려동물 동반 가능,[장소]서울특별시 마포구 마포대로14길 12-17 [지역] 소담스테이 [전화번호]  [반려동물여부] 반려동물 동반 가능 [카테고리] 숙박
105,서울특별시 종로구 필운대로5가길 16-5,(누하동),1,B02,B0201,B02011600,2583699,숙박,20181228182847,,,,126.9681632393,37.5803330123,6,20241213132628,23,010-5286-0704,소소하우스,03037,반려동물 동반 가능,[장소]서울특별시 종로구 필운대로5가길 16-5 [지역] 소소하우스 [전화번호] 010-5286-0704 [반려동물여부] 반려동물 동반 가능 [카테고리] 숙박
106,서울특별시 은평구 연서로50길 7 (진관동),,,B02,B0201,B02011600,3438496,숙박,20241206113757,,,,126.9386197703,37.6409698757,6,20241218153301,,010-5711-9969,소우주,03308,반려동물 동반 가능,[장소]서울특별시 은평구 연서로50길 7 (진관동) [지역] 소우주 [전화번호] 010-5711-9969 [반려동물여부] 반려동물 동반 가능 [카테고리] 숙박
107,서울특별시 종로구 북촌로 20-25 (재동),,,B02,B0201,B02011600,3438735,숙박,20241206134109,,,,126.9858977767,37.5788251735,6,20241218151625,,010-7926-0774,소월담,03059,반려동물 동반 가능,[장소]서울특별시 종로구 북촌로 20-25 (재동) [지역] 소월담 [전화번호] 010-7926-0774 [반려동물여부] 반려동물 동반 가능 [카테고리] 숙박
108,서울특별시 종로구 창덕궁길 172-2 (가회동),,,B02,B0201,B02011600,3438724,숙박,20241206133902,,,,126.9864920406,37.5832774441,6,20241218151717,,010-7926-0774,소월정,03051,반려동물 동반 가능,[장소]서울특별시 종로구 창덕궁길 172-2 (가회동) [지역] 소월정 [전화번호] 010-7926-0774 [반려동물여부] 반려동물 동반 가능 [카테고리] 숙박
109,서울특별시 송파구 삼학사로 136,,1,A02,A0202,A02020700,754052,관광지,20090617225826,http://tong.visitkorea.or.kr/cms/resource/72/1607872_image2_1.jpg,http://tong.visitkorea.or.kr/cms/resource/72/1607872_image3_1.jpg,Type3,127.0979728676,37.5095713442,6,20241209144850,18,,송파나루공원(석촌호수),05608,반려동물 동반 가능,[장소]서울특별시 송파구 삼학사로 136 [지역] 송파나루공원(석촌호수) [전화번호]  [반려동물여부] 반려동물 동반 가능 [카테고리] 관광지
110,서울특별시 종로구 자하문로6길 14,(통의동),1,B02,B0201,B02011100,2604078,숙박,20190530195820,,,,126.9707129929,37.5808302228,,20241126161936,23,02-6925-5916,숨바꼭질(Hide & Seek)(Hide & Seek (숨바꼭질) 게스트하우스),03044,반려동물 동반 가능,[장소]서울특별시 종로구 자하문로6길 14 [지역] 숨바꼭질(Hide & Seek)(Hide & Seek (숨바꼭질) 게스트하우스) [전화번호] 02-6925-5916 [반려동물여부] 반려동물 동반 가능 [카테고리] 숙박
111,서울특별시 성동구 광나루로4가길 12-7,,1,A05,A0502,A05020900,2951480,음식점,20230308113754,,,,127.0543812666,37.5491965138,6,20240730225328,16,,숨은,04792,반려동물 동반 가능,[장소]서울특별시 성동구 광나루로4가길 12-7 [지역] 숨은 [전화번호]  [반려동물여부] 반려동물 동반 가능 [카테고리] 음식점
112,서울특별시 중구 퇴계로20길 38,(남산동2가) 3층,1,B02,B0201,B02011100,2576344,숙박,20181211191053,http://tong.visitkorea.or.kr/cms/resource/97/2575997_image2_1.PNG,http://tong.visitkorea.or.kr/cms/resource/97/2575997_image2_1.PNG,Type3,126.9861038896,37.5584830965,,20241127161044,24,02-318-0055,스타리아호스텔,04630,반려동물 동반 가능,[장소]서울특별시 중구 퇴계로20길 38 [지역] 스타리아호스텔 [전화번호] 02-318-0055 [반려동물여부] 반려동물 동반 가능 [카테고리] 숙박
113,서울특별시 강남구 영동대로 513,(삼성동),1,A04,A0401,A04010600,1984944,쇼핑,20150120222803,http://tong.visitkorea.or.kr/cms/resource/68/3081368_image2_1.jpg,http://tong.visitkorea.or.kr/cms/resource/68/3081368_image3_1.jpg,Type3,127.0594429796,37.5117148467,6,20241209144103,1,02-6002-5300,스타필드 코엑스몰,06164,반려동물 동반 가능,[장소]서울특별시 강남구 영동대로 513 [지역] 스타필드 코엑스몰 [전화번호] 02-6002-5300 [반려동물여부] 반려동물 동반 가능 [카테고리] 쇼핑
114,서울특별시 종로구 사직로9길 22,(필운동),1,A05,A0502,A05020900,2783352,음식점,20211130184556,http://tong.visitkorea.or.kr/cms/resource/84/2790084_image2_1.jpg,http://tong.visitkorea.or.kr/cms/resource/84/2790084_image2_1.jpg,Type3,126.9678994532,37.5775527757,6,20241217143013,23,,스태픽스,03027,반려동물 동반 가능,[장소]서울특별시 종로구 사직로9길 22 [지역] 스태픽스 [전화번호]  [반려동물여부] 반려동물 동반 가능 [카테고리] 음식점
115,서울특별시 종로구 자하문로1다길 6,(체부동),1,B02,B0201,B02011600,2707439,숙박,20210227003556,http://tong.visitkorea.or.kr/cms/resource/96/2707596_image2_1.jpg,http://tong.visitkorea.or.kr/cms/resource/96/2707596_image3_1.jpg,Type3,126.9712158243,37.5773111969,,20250121141239,23,010–2429-0381,스테이 데이 오프,03041,반려동물 동반 가능,[장소]서울특별시 종로구 자하문로1다길 6 [지역] 스테이 데이 오프 [전화번호] 010–2429-0381 [반려동물여부] 반려동물 동반 가능 [카테고리] 숙박
116,서울특별시 종로구 효자로7길 22-11 (통의동),,,B02,B0201,B02011600,3438126,숙박,20241206102048,,,,126.9727823081,37.5787221716,6,20241212160922,,0507-1369-3613,스테이 어플로트,03044,반려동물 동반 가능,[장소]서울특별시 종로구 효자로7길 22-11 (통의동) [지역] 스테이 어플로트 [전화번호] 0507-1369-3613 [반려동물여부] 반려동물 동반 가능 [카테고리] 숙박
117,서울특별시 종로구 율곡로10길 19 (권농동),,1,B02,B0201,B02011600,3438359,숙박,20241206105953,,,,126.9911084737,37.5766644064,6,20241218152351,23,0507-1382-0349,스테이모일,03134,반려동물 동반 가능,[장소]서울특별시 종로구 율곡로10길 19 (권농동) [지역] 스테이모일 [전화번호] 0507-1382-0349 [반려동물여부] 반려동물 동반 가능 [카테고리] 숙박
118,서울특별시 종로구 자하문로 131-21 (청운동),,1,B02,B0201,B02011100,3438035,숙박,20241206100028,,,,126.9682352457,37.5877210442,6,20241218152553,23,0507-1369-2867,스테이청운,03031,반려동물 동반 가능,[장소]서울특별시 종로구 자하문로 131-21 (청운동) [지역] 스테이청운 [전화번호] 0507-1369-2867 [반려동물여부] 반려동물 동반 가능 [카테고리] 숙박
119,서울특별시 종로구 삼일대로 439,,1,B02,B0201,B02011600,2465890,숙박,20161221234205,http://tong.visitkorea.or.kr/cms/resource/51/2447351_image2_1.jpg,http://tong.visitkorea.or.kr/cms/resource/51/2447351_image3_1.jpg,Type3,126.9872477984,37.5737035704,6,20241222174844,23,010-5355-3029,시은재,03148,반려동물 동반 가능,[장소]서울특별시 종로구 삼일대로 439 [지역] 시은재 [전화번호] 010-5355-3029 [반려동물여부] 반려동물 동반 가능 [카테고리] 숙박
120,서울특별시 종로구 필운대로6길 21 (통인동),,1,B02,B0201,B02011600,3072227,숙박,20231218103245,http://tong.visitkorea.or.kr/cms/resource/39/3070239_image2_1.jpg,http://tong.visitkorea.or.kr/cms/resource/39/3070239_image3_1.jpg,Type1,126.9696769883,37.5803885888,6,20241126164037,23,0504-0904-2257,아담한옥,03036,반려동물 동반 가능,[장소]서울특별시 종로구 필운대로6길 21 (통인동) [지역] 아담한옥 [전화번호] 0504-0904-2257 [반려동물여부] 반려동물 동반 가능 [카테고리] 숙박
121,서울특별시 은평구 통일로92길 30,(불광동),1,B02,B0201,B02011100,2575171,숙박,20181208000248,http://tong.visitkorea.or.kr/cms/resource/61/2575061_image2_1.png,http://tong.visitkorea.or.kr/cms/resource/61/2575061_image2_1.png,Type3,126.9229855187,37.6257102593,,20241126164234,22,010-3746-2030,아름다운 황토집,03340,반려동물 동반 가능,[장소]서울특별시 은평구 통일로92길 30 [지역] 아름다운 황토집 [전화번호] 010-3746-2030 [반려동물여부] 반려동물 동반 가능 [카테고리] 숙박
122,서울특별시 중구 퇴계로22길 11-4,(남산동3가),1,B02,B0201,B02011100,2569959,숙박,20181127021839,http://tong.visitkorea.or.kr/cms/resource/81/2567981_image2_1.jpg,http://tong.visitkorea.or.kr/cms/resource/81/2567981_image2_1.jpg,Type3,126.9867926625,37.5603578910,,20241126164338,24,010-9198-4285,아리하우스,04629,반려동물 동반 가능,[장소]서울특별시 중구 퇴계로22길 11-4 [지역] 아리하우스 [전화번호] 010-9198-4285 [반려동물여부] 반려동물 동반 가능 [카테고리] 숙박
123,서울특별시 종로구 창덕궁길 104 (원서동),,,B02,B0201,B02011600,3438249,숙박,20241206104613,,,,126.9895362401,37.5821220775,6,20241218151935,,0507-1432-1018,아보헌,03057,반려동물 동반 가능,[장소]서울특별시 종로구 창덕궁길 104 (원서동) [지역] 아보헌 [전화번호] 0507-1432-1018 [반려동물여부] 반려동물 동반 가능 [카테고리] 숙박
124,서울특별시 성북구 성북로23나길 4,(성북동),1,B02,B0201,B02011100,2583200,숙박,20181227011427,,,,126.9928467606,37.5923237288,,20240324201919,17,010-8003-1323,아임그린게스트하우스,02879,반려동물 동반 가능,[장소]서울특별시 성북구 성북로23나길 4 [지역] 아임그린게스트하우스 [전화번호] 010-8003-1323 [반려동물여부] 반려동물 동반 가능 [카테고리] 숙박
125,서울특별시 광진구 영화사로 135,,1,A01,A0101,A01010400,129552,관광지,20070514090000,,,,127.0998297997,37.5529441189,,20250218170443,6,,아차산,04948,반려동물 동반 가능,[장소]서울특별시 광진구 영화사로 135 [지역] 아차산 [전화번호]  [반려동물여부] 반려동물 동반 가능 [카테고리] 관광지
126,서울특별시 광진구 워커힐로 127,,1,A01,A0101,A01010500,742972,관광지,20090528014758,,,,127.1012880282,37.5519609256,6,20240520112642,6,,아차산 어울림정원,04965,반려동물 동반 가능,[장소]서울특별시 광진구 워커힐로 127 [지역] 아차산 어울림정원 [전화번호]  [반려동물여부] 반려동물 동반 가능 [카테고리] 관광지
127,서울특별시 종로구 북촌로1길 24-2 (안국동),,,B02,B0201,B02011600,3438082,숙박,20241206101652,,,,126.9845034971,37.5774864148,6,20241218150933,,0507-1459-1158,안길사가,03060,반려동물 동반 가능,[장소]서울특별시 종로구 북촌로1길 24-2 (안국동) [지역] 안길사가 [전화번호] 0507-1459-1158 [반려동물여부] 반려동물 동반 가능 [카테고리] 숙박
128,서울특별시 종로구 창덕궁7길 3 (원서동),,,B02,B0201,B02011600,3438329,숙박,20241206105400,,,,126.9877058178,37.5833219051,6,20241218152150,,0507-1373-8673,안유재,03051,반려동물 동반 가능,[장소]서울특별시 종로구 창덕궁7길 3 (원서동) [지역] 안유재 [전화번호] 0507-1373-8673 [반려동물여부] 반려동물 동반 가능 [카테고리] 숙박
129,서울특별시 마포구 월드컵로20길 41-5,(성산동),1,B02,B0201,B02011100,2570447,숙박,20181128014715,http://tong.visitkorea.or.kr/cms/resource/59/2568259_image2_1.jpg,http://tong.visitkorea.or.kr/cms/resource/59/2568259_image2_1.jpg,Type3,126.9111996144,37.5581512374,,20241127111036,13,010-2483-7357,애플트리(Apple tree)(애플트리게스트하우스),03997,반려동물 동반 가능,[장소]서울특별시 마포구 월드컵로20길 41-5 [지역] 애플트리(Apple tree)(애플트리게스트하우스) [전화번호] 010-2483-7357 [반려동물여부] 반려동물 동반 가능 [카테고리] 숙박
130,서울특별시 강남구 테헤란로43길 19,(역삼동),1,B02,B0201,B02011100,2610854,숙박,20190712185524,,,,127.0437640507,37.5046598283,,20241127111100,1,02-553-2588,야코리아호스텔 강남점,06147,반려동물 동반 가능,[장소]서울특별시 강남구 테헤란로43길 19 [지역] 야코리아호스텔 강남점 [전화번호] 02-553-2588 [반려동물여부] 반려동물 동반 가능 [카테고리] 숙박
131,서울특별시 양천구 목동남로4길 48-6,,1,A02,A0206,A02060900,2611626,문화시설,20190718012714,http://tong.visitkorea.or.kr/cms/resource/09/2611609_image2_1.bmp,http://tong.visitkorea.or.kr/cms/resource/09/2611609_image2_1.bmp,Type3,126.8673577758,37.5088978449,6,20241203115328,19,,양천구 갈산도서관,08104,반려동물 동반 가능,[장소]서울특별시 양천구 목동남로4길 48-6 [지역] 양천구 갈산도서관 [전화번호]  [반려동물여부] 반려동물 동반 가능 [카테고리] 문화시설
132,서울특별시 마포구 와우산로29마길 5,(서교동) 3층,1,B02,B0201,B02011100,2576511,숙박,20181211203638,http://tong.visitkorea.or.kr/cms/resource/45/2576145_image2_1.PNG,http://tong.visitkorea.or.kr/cms/resource/45/2576145_image2_1.PNG,Type3,126.9268538117,37.5557184671,,20241127111650,13,"070-8613-0062, 010-8320-0833",어반우드,04053,반려동물 동반 가능,"[장소]서울특별시 마포구 와우산로29마길 5 [지역] 어반우드 [전화번호] 070-8613-0062, 010-8320-0833 [반려동물여부] 반려동물 동반 가능 [카테고리] 숙박"
133,서울특별시 서초구 서초대로56길 18,(서초동),1,B02,B0201,B02011100,2700928,숙박,20201223020222,,,,127.0170584559,37.4937911663,,20241127111738,15,,업플로 호스텔,06633,반려동물 동반 가능,[장소]서울특별시 서초구 서초대로56길 18 [지역] 업플로 호스텔 [전화번호]  [반려동물여부] 반려동물 동반 가능 [카테고리] 숙박
134,서울특별시 서초구 사평대로53길 8-3,"(반포동,세종빌리지) 201호",1,B02,B0201,B02011100,2570692,숙박,20181129005525,http://tong.visitkorea.or.kr/cms/resource/32/2568832_image2_1.jpg,http://tong.visitkorea.or.kr/cms/resource/32/2568832_image2_1.jpg,Type3,127.0220687977,37.5048705253,,20241127112310,15,010-8789-8795,엘스테이(Gangnam AN guesthouse),06542,반려동물 동반 가능,[장소]서울특별시 서초구 사평대로53길 8-3 [지역] 엘스테이(Gangnam AN guesthouse) [전화번호] 010-8789-8795 [반려동물여부] 반려동물 동반 가능 [카테고리] 숙박
135,서울특별시 종로구 자하문로1길 49-9 (필운동),,,B02,B0201,B02011600,3438182,숙박,20241206102836,,,,126.9696048813,37.5765695875,6,20241218151531,,0507-1372-0080,여느날,03041,반려동물 동반 가능,[장소]서울특별시 종로구 자하문로1길 49-9 (필운동) [지역] 여느날 [전화번호] 0507-1372-0080 [반려동물여부] 반려동물 동반 가능 [카테고리] 숙박
136,서울특별시 영등포구 여의동로 330,,1,A02,A0202,A02020700,1059479,관광지,20100714190336,http://tong.visitkorea.or.kr/cms/resource/49/3096149_image2_1.jpg,http://tong.visitkorea.or.kr/cms/resource/49/3096149_image3_1.jpg,Type1,126.9336123570,37.5263886632,6,20250220095701,20,,여의도한강공원,07337,반려동물 동반 가능,[장소]서울특별시 영등포구 여의동로 330 [지역] 여의도한강공원 [전화번호]  [반려동물여부] 반려동물 동반 가능 [카테고리] 관광지
137,서울특별시 종로구 자하문로7길 68-3 (누하동),101호,,B02,B0201,B02011100,3105331,숙박,20240217105145,,,,126.9691325909,37.5804885676,6,20240731100629,,010-7100-7872,여인숙 깔마,03036,반려동물 동반 가능,[장소]서울특별시 종로구 자하문로7길 68-3 (누하동) [지역] 여인숙 깔마 [전화번호] 010-7100-7872 [반려동물여부] 반려동물 동반 가능 [카테고리] 숙박
138,서울특별시 종로구 계동6길 3,(계동),1,B02,B0201,B02011600,2603884,숙박,20190530000216,,,,126.9870725624,37.5826025329,,20241205124931,23,010-7735-5916,연당,03057,반려동물 동반 가능,[장소]서울특별시 종로구 계동6길 3 [지역] 연당 [전화번호] 010-7735-5916 [반려동물여부] 반려동물 동반 가능 [카테고리] 숙박
139,서울특별시 종로구 북촌로12길 5-13,(가회동),1,B02,B0201,B02011600,1883087,숙박,20140108221000,http://tong.visitkorea.or.kr/cms/resource/52/3009452_image2_1.jpg,http://tong.visitkorea.or.kr/cms/resource/52/3009452_image3_1.jpg,Type1,126.9853282846,37.5823358662,6,20241127113129,23,02-742-1115,연우하우스[한국관광 품질인증/Korea Quality],03056,반려동물 동반 가능,[장소]서울특별시 종로구 북촌로12길 5-13 [지역] 연우하우스[한국관광 품질인증/Korea Quality] [전화번호] 02-742-1115 [반려동물여부] 반려동물 동반 가능 [카테고리] 숙박
140,서울특별시 중구 퇴계로56길 18,(쌍림동),1,B02,B0201,B02011100,2602555,숙박,20190521191513,,,,127.0034215492,37.5657908919,,20241127113530,24,02-2277-1141,영빈호텔,04615,반려동물 동반 가능,[장소]서울특별시 중구 퇴계로56길 18 [지역] 영빈호텔 [전화번호] 02-2277-1141 [반려동물여부] 반려동물 동반 가능 [카테고리] 숙박
141,서울특별시 은평구 연서로50길 11 (진관동),2층,1,B02,B0201,B02011600,3438545,숙박,20241206114421,,,,126.9388947509,37.6407671266,6,20241218153432,22,0507-1379-0957,예맥당 한옥스테이,03308,반려동물 동반 가능,[장소]서울특별시 은평구 연서로50길 11 (진관동) [지역] 예맥당 한옥스테이 [전화번호] 0507-1379-0957 [반려동물여부] 반려동물 동반 가능 [카테고리] 숙박
142,서울특별시 종로구 인사동12길 10,"(관훈동) 4, 5층",1,B02,B0201,B02011100,2576513,숙박,20181211220443,http://tong.visitkorea.or.kr/cms/resource/88/2576188_image2_1.jpg,http://tong.visitkorea.or.kr/cms/resource/88/2576188_image2_1.jpg,Type3,126.9850701994,37.5744062273,,20241127115018,23,"02-722-0048, 010-5448-3618",예하도예 게스트하우스(YEHADOYE guesthouse),03146,반려동물 동반 가능,"[장소]서울특별시 종로구 인사동12길 10 [지역] 예하도예 게스트하우스(YEHADOYE guesthouse) [전화번호] 02-722-0048, 010-5448-3618 [반려동물여부] 반려동물 동반 가능 [카테고리] 숙박"
143,서울특별시 영등포구 신풍로 72-5 (신길동),,1,B02,B0201,B02010700,3104366,숙박,20240217104358,,,,126.9142454258,37.4998275134,6,20240731093311,20,010-3981-0251,오늘스테이,07431,반려동물 동반 가능,[장소]서울특별시 영등포구 신풍로 72-5 (신길동) [지역] 오늘스테이 [전화번호] 010-3981-0251 [반려동물여부] 반려동물 동반 가능 [카테고리] 숙박
144,서울특별시 동대문구 왕산로26가길 14 (용두동),,,B02,B0201,B02011600,3105217,숙박,20240217104516,,,,127.0372681437,37.5771124064,6,20241127115256,,010-3981-0251,오늘스테이 동대문점,02566,반려동물 동반 가능,[장소]서울특별시 동대문구 왕산로26가길 14 (용두동) [지역] 오늘스테이 동대문점 [전화번호] 010-3981-0251 [반려동물여부] 반려동물 동반 가능 [카테고리] 숙박
145,서울특별시 종로구 필운대로5가길 13-4 (누하동),,1,B02,B0201,B02011600,3072197,숙박,20231218182351,,,,126.9680049295,37.5800052708,6,20241205125036,23,0507-1342-2361,"오롯이, 한옥",03037,반려동물 동반 가능,"[장소]서울특별시 종로구 필운대로5가길 13-4 (누하동) [지역] 오롯이, 한옥 [전화번호] 0507-1342-2361 [반려동물여부] 반려동물 동반 가능 [카테고리] 숙박"
146,서울특별시 동작구 알마타길 21-18,(대방동),1,B02,B0201,B02011100,2572933,숙박,20181204225852,,,,126.9278105264,37.5115569487,,20241212095505,12,010-2946-1708,오케이 게스트하우스,06939,반려동물 동반 가능,[장소]서울특별시 동작구 알마타길 21-18 [지역] 오케이 게스트하우스 [전화번호] 010-2946-1708 [반려동물여부] 반려동물 동반 가능 [카테고리] 숙박
147,서울특별시 동대문구 전농로23길 37 (전농동),301호,,B02,B0201,B02011100,3438137,숙박,20241206102245,,,,127.0541387604,37.5795207640,6,20241218151112,,0507-1380-6768,오크앤코,02546,반려동물 동반 가능,[장소]서울특별시 동대문구 전농로23길 37 (전농동) [지역] 오크앤코 [전화번호] 0507-1380-6768 [반려동물여부] 반려동물 동반 가능 [카테고리] 숙박
148,서울특별시 구로구 고척로21나길 103 (개봉동),,1,A01,A0101,A01010500,2591824,관광지,20190313233912,,,,126.8397382631,37.5020481486,6,20250220140639,7,,온수도시자연공원(잣절공원),08250,반려동물 동반 가능,[장소]서울특별시 구로구 고척로21나길 103 (개봉동) [지역] 온수도시자연공원(잣절공원) [전화번호]  [반려동물여부] 반려동물 동반 가능 [카테고리] 관광지
149,서울특별시 성북구 삼선교로8길 43-12 (삼선동1가),,1,B02,B0201,B02011100,3438197,숙박,20241206103428,,,,127.0083205481,37.5853414853,6,20241218151634,17,010-2248-7340,온스테이,02865,반려동물 동반 가능,[장소]서울특별시 성북구 삼선교로8길 43-12 (삼선동1가) [지역] 온스테이 [전화번호] 010-2248-7340 [반려동물여부] 반려동물 동반 가능 [카테고리] 숙박
150,서울특별시 종로구 계동길 92-19 (계동),,1,B02,B0201,B02011600,3072240,숙박,20231219103110,http://tong.visitkorea.or.kr/cms/resource/58/3078458_image2_1.jpg,http://tong.visitkorea.or.kr/cms/resource/58/3078458_image3_1.jpg,Type1,126.9874892192,37.5816109890,6,20241226094315,23,,온유헌 바이 버틀러리,03057,반려동물 동반 가능,[장소]서울특별시 종로구 계동길 92-19 (계동) [지역] 온유헌 바이 버틀러리 [전화번호]  [반려동물여부] 반려동물 동반 가능 [카테고리] 숙박
151,서울특별시 송파구 올림픽로 424,(방이동),1,A02,A0202,A02020700,126532,관광지,20031105090000,,,,127.1224425827,37.5194456386,6,20241205153127,18,,올림픽공원,05540,반려동물 동반 가능,[장소]서울특별시 송파구 올림픽로 424 [지역] 올림픽공원 [전화번호]  [반려동물여부] 반려동물 동반 가능 [카테고리] 관광지
152,서울특별시 종로구 와룡공원길 192,,1,A02,A0202,A02020700,1019041,관광지,20100512005514,http://tong.visitkorea.or.kr/cms/resource/93/1395493_image2_1.jpg,http://tong.visitkorea.or.kr/cms/resource/93/1395493_image3_1.jpg,Type3,126.9901581479,37.5912265856,6,20241205162517,23,,와룡공원,03063,반려동물 동반 가능,[장소]서울특별시 종로구 와룡공원길 192 [지역] 와룡공원 [전화번호]  [반려동물여부] 반려동물 동반 가능 [카테고리] 관광지
153,서울특별시 마포구 월드컵북로6길 89-9,지하1층 (연남동),1,B02,B0201,B02011100,2651924,숙박,20200408193717,,,,126.9225040709,37.5606011548,,20241127121657,13,010-4487-7740,와이즈하우스,03990,반려동물 동반 가능,[장소]서울특별시 마포구 월드컵북로6길 89-9 [지역] 와이즈하우스 [전화번호] 010-4487-7740 [반려동물여부] 반려동물 동반 가능 [카테고리] 숙박
154,서울특별시 용산구 서빙고로 185,,1,A02,A0202,A02020700,126499,관광지,20041230090000,,,,126.9845717812,37.5201069720,6,20241209113141,21,,용산가족공원,04383,반려동물 동반 가능,[장소]서울특별시 용산구 서빙고로 185 [지역] 용산가족공원 [전화번호]  [반려동물여부] 반려동물 동반 가능 [카테고리] 관광지
155,서울특별시 용산구 서빙고로 238 (서빙고동),,1,A01,A0101,A01010500,3458416,관광지,20241223165221,http://tong.visitkorea.or.kr/cms/resource/53/3458353_image2_1.jpg,http://tong.visitkorea.or.kr/cms/resource/53/3458353_image3_1.jpg,Type1,126.9900629507,37.5200070821,6,20241224105854,21,,용산공원 부분개방부지,04428,반려동물 동반 가능,[장소]서울특별시 용산구 서빙고로 238 (서빙고동) [지역] 용산공원 부분개방부지 [전화번호]  [반려동물여부] 반려동물 동반 가능 [카테고리] 관광지
156,서울특별시 마포구 월드컵로 243-60 (성산동),,1,A02,A0202,A02020700,128021,관광지,20031215090000,,,,126.8984506241,37.5635809341,6,20250225105150,13,,월드컵공원,03901,반려동물 동반 가능,[장소]서울특별시 마포구 월드컵로 243-60 (성산동) [지역] 월드컵공원 [전화번호]  [반려동물여부] 반려동물 동반 가능 [카테고리] 관광지
157,서울특별시 종로구 율곡로10길 79-1 (권농동),,,B02,B0201,B02011600,3438233,숙박,20241206104023,,,,126.9917001593,37.5741036037,6,20241218151817,,0507-1355-8640,월운,03134,반려동물 동반 가능,[장소]서울특별시 종로구 율곡로10길 79-1 (권농동) [지역] 월운 [전화번호] 0507-1355-8640 [반려동물여부] 반려동물 동반 가능 [카테고리] 숙박
158,서울특별시 성동구 왕십리로10길 6 서울숲비즈포레,1층,1,A05,A0502,A05020200,2894951,음식점,20221103153523,http://tong.visitkorea.or.kr/cms/resource/41/2894941_image2_1.jpg,http://tong.visitkorea.or.kr/cms/resource/41/2894941_image3_1.jpg,Type3,127.0453238283,37.5467355255,6,20240730225528,16,,유어네이키드치즈,04778,반려동물 동반 가능,[장소]서울특별시 성동구 왕십리로10길 6 서울숲비즈포레 [지역] 유어네이키드치즈 [전화번호]  [반려동물여부] 반려동물 동반 가능 [카테고리] 음식점
159,서울특별시 종로구 계동4길 10-4 (계동),,1,B02,B0201,B02011600,3072235,숙박,20231219102504,http://tong.visitkorea.or.kr/cms/resource/56/3070756_image2_1.jpg,http://tong.visitkorea.or.kr/cms/resource/56/3070756_image3_1.jpg,Type1,126.9873142207,37.5821109276,6,20241127130222,23,,유준당 바이 버틀러리,03057,반려동물 동반 가능,[장소]서울특별시 종로구 계동4길 10-4 (계동) [지역] 유준당 바이 버틀러리 [전화번호]  [반려동물여부] 반려동물 동반 가능 [카테고리] 숙박
160,서울특별시 서대문구 북가좌동,,1,A02,A0202,A02020700,2759917,관광지,20211020225155,,,,126.9194148348,37.5828540684,6,20250226105850,14,,은가어린이공원,03671,반려동물 동반 가능,[장소]서울특별시 서대문구 북가좌동 [지역] 은가어린이공원 [전화번호]  [반려동물여부] 반려동물 동반 가능 [카테고리] 관광지
161,서울특별시 중구 창경궁로5다길 18,"3층, 4층",1,A02,A0206,A02060500,2835591,문화시설,20220810170210,http://tong.visitkorea.or.kr/cms/resource/73/2835573_image2_1.jpg,http://tong.visitkorea.or.kr/cms/resource/73/2835573_image3_1.jpg,Type3,126.9965665624,37.5677599844,6,20240522143643,24,02-6956-3501,을지예술센터,04545,반려동물 동반 가능,[장소]서울특별시 중구 창경궁로5다길 18 [지역] 을지예술센터 [전화번호] 02-6956-3501 [반려동물여부] 반려동물 동반 가능 [카테고리] 문화시설
162,서울특별시 은평구 연서로50길 19,(진관동),1,B02,B0201,B02011600,2676000,숙박,20201013000541,http://tong.visitkorea.or.kr/cms/resource/35/2917535_image2_1.jpg,http://tong.visitkorea.or.kr/cms/resource/35/2917535_image3_1.jpg,Type3,126.9396863588,37.6402977508,6,20241213121540,22,010-5751-3270,응정헌,03308,반려동물 동반 가능,[장소]서울특별시 은평구 연서로50길 19 [지역] 응정헌 [전화번호] 010-5751-3270 [반려동물여부] 반려동물 동반 가능 [카테고리] 숙박
163,서울특별시 종로구 계동길 70-3 (계동),,,B02,B0201,B02011600,3438261,숙박,20241206104811,,,,126.9869781844,37.5805611022,6,20241218152026,,0507-1471-5526,이도한옥,03057,반려동물 동반 가능,[장소]서울특별시 종로구 계동길 70-3 (계동) [지역] 이도한옥 [전화번호] 0507-1471-5526 [반려동물여부] 반려동물 동반 가능 [카테고리] 숙박
164,서울특별시 영등포구 여의동로 290 (여의도동),,1,A02,A0202,A02020800,126701,관광지,20060705090000,,,,126.9384174889,37.5258888069,6,20250306133031,20,,이랜드크루즈(한강유람선),07337,반려동물 동반 가능,[장소]서울특별시 영등포구 여의동로 290 (여의도동) [지역] 이랜드크루즈(한강유람선) [전화번호]  [반려동물여부] 반려동물 동반 가능 [카테고리] 관광지
165,서울특별시 중구 퇴계로20길 41-14,(남산동2가),1,B02,B0201,B02011100,2574082,숙박,20181206003917,http://tong.visitkorea.or.kr/cms/resource/39/2573239_image2_1.jpg,http://tong.visitkorea.or.kr/cms/resource/39/2573239_image2_1.jpg,Type3,126.9867593834,37.5585442120,,20241127130442,24,010-2761-0075,이브(이브게스트하우스),04629,반려동물 동반 가능,[장소]서울특별시 중구 퇴계로20길 41-14 [지역] 이브(이브게스트하우스) [전화번호] 010-2761-0075 [반려동물여부] 반려동물 동반 가능 [카테고리] 숙박
166,서울특별시 용산구 이촌로72길 62 (이촌동),,1,A02,A0202,A02020700,970636,관광지,20100310224944,http://tong.visitkorea.or.kr/cms/resource/15/2531015_image2_1.jpg,http://tong.visitkorea.or.kr/cms/resource/15/2531015_image2_1.jpg,Type3,126.9708647593,37.5178736527,6,20250307105503,21,,이촌한강공원,04427,반려동물 동반 가능,[장소]서울특별시 용산구 이촌로72길 62 (이촌동) [지역] 이촌한강공원 [전화번호]  [반려동물여부] 반려동물 동반 가능 [카테고리] 관광지
167,서울특별시 종로구 필운대로 26-25,(누하동),1,B02,B0201,B02010100,2604153,숙박,20190530223418,,,,126.9674549333,37.5816467367,,20241127130846,23,02-735-3959,이화한옥,03040,반려동물 동반 가능,[장소]서울특별시 종로구 필운대로 26-25 [지역] 이화한옥 [전화번호] 02-735-3959 [반려동물여부] 반려동물 동반 가능 [카테고리] 숙박
168,서울특별시 종로구 익선동,,1,A02,A0203,A02030600,2650046,관광지,20200317201806,http://tong.visitkorea.or.kr/cms/resource/23/2947523_image2_1.jpg,http://tong.visitkorea.or.kr/cms/resource/23/2947523_image3_1.jpg,Type1,126.9897920161,37.5735203041,6,20250313150852,23,,익선동 한옥거리,03133,반려동물 동반 가능,[장소]서울특별시 종로구 익선동 [지역] 익선동 한옥거리 [전화번호]  [반려동물여부] 반려동물 동반 가능 [카테고리] 관광지
169,서울특별시 마포구 성미산로1길 68,(성산동)2층,1,B02,B0201,B02011100,2609911,숙박,20190706000011,,,,126.9066971708,37.5608619529,,20241127131108,13,010-2316-5735,인 게스트하우스,03970,반려동물 동반 가능,[장소]서울특별시 마포구 성미산로1길 68 [지역] 인 게스트하우스 [전화번호] 010-2316-5735 [반려동물여부] 반려동물 동반 가능 [카테고리] 숙박
170,서울특별시 종로구 인사동길 62,(관훈동) 일대,1,A02,A0203,A02030400,264353,관광지,20021218231629,http://tong.visitkorea.or.kr/cms/resource/03/3412103_image2_1.JPG,http://tong.visitkorea.or.kr/cms/resource/03/3412103_image3_1.JPG,Type3,126.9833758804,37.5754310780,6,20241209101304,23,,인사동,03146,반려동물 동반 가능,[장소]서울특별시 종로구 인사동길 62 [지역] 인사동 [전화번호]  [반려동물여부] 반려동물 동반 가능 [카테고리] 관광지
171,서울특별시 종로구 인왕산로1길 29,(사직동),1,A01,A0101,A01010400,126479,관광지,20031007090000,,,,126.9640832471,37.5735670596,6,20241206134041,23,,인왕산,03028,반려동물 동반 가능,[장소]서울특별시 종로구 인왕산로1길 29 [지역] 인왕산 [전화번호]  [반려동물여부] 반려동물 동반 가능 [카테고리] 관광지
172,서울특별시 종로구 계동6길 9,(계동),1,B02,B0201,B02011600,1882248,숙박,20140106223446,http://tong.visitkorea.or.kr/cms/resource/56/3009456_image2_1.jpg,http://tong.visitkorea.or.kr/cms/resource/56/3009456_image3_1.jpg,Type1,126.9869725668,37.5827636229,6,20241208142249,23,02-742-1115,인우하우스[한국관광 품질인증/Korea Quality],03057,반려동물 동반 가능,[장소]서울특별시 종로구 계동6길 9 [지역] 인우하우스[한국관광 품질인증/Korea Quality] [전화번호] 02-742-1115 [반려동물여부] 반려동물 동반 가능 [카테고리] 숙박
173,서울특별시 종로구 필운대로3길 11-1,(누하동),1,B02,B0201,B02011600,2707445,숙박,20210227010518,http://tong.visitkorea.or.kr/cms/resource/43/2707643_image2_1.jpg,http://tong.visitkorea.or.kr/cms/resource/43/2707643_image3_1.jpg,Type3,126.9685688087,37.5785387840,,20250121131001,23,010–2429-0381,일독일박,03039,반려동물 동반 가능,[장소]서울특별시 종로구 필운대로3길 11-1 [지역] 일독일박 [전화번호] 010–2429-0381 [반려동물여부] 반려동물 동반 가능 [카테고리] 숙박
174,서울특별시 중구 퇴계로20길 35,(남산동2가),1,B02,B0201,B02011100,2602460,숙박,20190521014613,,,,126.9843234077,37.5616049239,,20241127131444,24,02-3672-1976,자자백팩커스,04629,반려동물 동반 가능,[장소]서울특별시 중구 퇴계로20길 35 [지역] 자자백팩커스 [전화번호] 02-3672-1976 [반려동물여부] 반려동물 동반 가능 [카테고리] 숙박
175,서울특별시 종로구 자하문로1나길 7-11 (체부동),,,B02,B0201,B02011600,3438225,숙박,20241206103825,,,,126.9711602912,37.5766890455,6,20241218151741,,070-7106-0299,자하,03041,반려동물 동반 가능,[장소]서울특별시 종로구 자하문로1나길 7-11 (체부동) [지역] 자하 [전화번호] 070-7106-0299 [반려동물여부] 반려동물 동반 가능 [카테고리] 숙박
176,서울특별시 종로구 삼청로7길 19-14 (팔판동),정연재,,B02,B0201,B02011600,3438358,숙박,20241206105755,,,,126.9807008965,37.5834800942,6,20241218152311,,010-6837-2044,정연재,03054,반려동물 동반 가능,[장소]서울특별시 종로구 삼청로7길 19-14 (팔판동) [지역] 정연재 [전화번호] 010-6837-2044 [반려동물여부] 반려동물 동반 가능 [카테고리] 숙박
177,서울특별시 종로구 계동4길 9,(계동),1,B02,B0201,B02011600,2587214,숙박,20190110183207,,,,126.9873364358,37.5823081270,,20241127135304,23,,제이한옥(JAY Hanok),03057,반려동물 동반 가능,[장소]서울특별시 종로구 계동4길 9 [지역] 제이한옥(JAY Hanok) [전화번호]  [반려동물여부] 반려동물 동반 가능 [카테고리] 숙박
178,서울특별시 중구 중림로9길 13 (중림동),,,B02,B0201,B02011600,3438412,숙박,20241206111233,,,,126.9677027957,37.5582355731,6,20241218152702,,0507-1353-9348,중림재,04506,반려동물 동반 가능,[장소]서울특별시 중구 중림로9길 13 (중림동) [지역] 중림재 [전화번호] 0507-1353-9348 [반려동물여부] 반려동물 동반 가능 [카테고리] 숙박
179,서울특별시 종로구 종로 347,"(숭인동,롯데캐슬 천지인APT)인동 2302호",1,B02,B0201,B02011100,2570164,숙박,20181127192157,http://tong.visitkorea.or.kr/cms/resource/48/2568048_image2_1.jpg,http://tong.visitkorea.or.kr/cms/resource/48/2568048_image2_1.jpg,Type3,127.0164673572,37.5737346471,,20241127140550,23,010-6633-8060,지유,03113,반려동물 동반 가능,[장소]서울특별시 종로구 종로 347 [지역] 지유 [전화번호] 010-6633-8060 [반려동물여부] 반려동물 동반 가능 [카테고리] 숙박
180,서울특별시 은평구 진관길 11-30 (진관동),,1,B02,B0201,B02011600,2569920,숙박,20181127013834,,,,126.9397501580,37.6432501866,6,20250120142802,22,010-2571-2577,채효당 한옥스테이,03308,반려동물 동반 가능,[장소]서울특별시 은평구 진관길 11-30 (진관동) [지역] 채효당 한옥스테이 [전화번호] 010-2571-2577 [반려동물여부] 반려동물 동반 가능 [카테고리] 숙박
181,서울특별시 은평구 진관길 18,(진관동),1,B02,B0201,B02011600,2679044,숙박,20201027222831,http://tong.visitkorea.or.kr/cms/resource/95/2678995_image2_1.jpg,http://tong.visitkorea.or.kr/cms/resource/95/2678995_image3_1.jpg,Type3,126.9401973839,37.6417059294,6,20241127143118,22,,청향재,03308,반려동물 동반 가능,[장소]서울특별시 은평구 진관길 18 [지역] 청향재 [전화번호]  [반려동물여부] 반려동물 동반 가능 [카테고리] 숙박
182,서울특별시 관악구 난곡로10길 10 (신림동),,1,A05,A0502,A05020900,3444152,음식점,20241213104430,http://tong.visitkorea.or.kr/cms/resource/30/3444230_image2_1.jpg,http://tong.visitkorea.or.kr/cms/resource/30/3444230_image3_1.jpg,Type1,126.9201597466,37.4653038508,6,20241230102936,5,,카페 아래로,08860,반려동물 동반 가능,[장소]서울특별시 관악구 난곡로10길 10 (신림동) [지역] 카페 아래로 [전화번호]  [반려동물여부] 반려동물 동반 가능 [카테고리] 음식점
183,서울특별시 은평구 녹번로1길 13 (녹번동),1층,1,A05,A0502,A05020900,3450526,음식점,20241218174225,http://tong.visitkorea.or.kr/cms/resource/38/3450438_image2_1.jpg,http://tong.visitkorea.or.kr/cms/resource/38/3450438_image3_1.jpg,Type1,126.9266024479,37.6047933126,6,20241226113135,22,070-4659-6570,카페우리,03380,반려동물 동반 가능,[장소]서울특별시 은평구 녹번로1길 13 (녹번동) [지역] 카페우리 [전화번호] 070-4659-6570 [반려동물여부] 반려동물 동반 가능 [카테고리] 음식점
184,서울특별시 종로구 자하문로 33-7 (통인동),,,B02,B0201,B02011600,3438160,숙박,20241206102442,,,,126.9709796860,37.5790276599,6,20241218151424,,0507-1348-3282,통인 1939,03040,반려동물 동반 가능,[장소]서울특별시 종로구 자하문로 33-7 (통인동) [지역] 통인 1939 [전화번호] 0507-1348-3282 [반려동물여부] 반려동물 동반 가능 [카테고리] 숙박
185,서울특별시 은평구 연서로50길 9 (진관동),2층,,B02,B0201,B02011600,3438450,숙박,20241206112514,,,,126.9387142090,37.6408726664,6,20241218153006,,0507-1427-7455,평안채,03308,반려동물 동반 가능,[장소]서울특별시 은평구 연서로50길 9 (진관동) [지역] 평안채 [전화번호] 0507-1427-7455 [반려동물여부] 반려동물 동반 가능 [카테고리] 숙박
186,서울특별시 구로구 연동로 240,,1,A01,A0101,A01010700,2675098,관광지,20201007055358,,,,126.8240846662,37.4830806290,6,20241205161935,7,,푸른수목원,08361,반려동물 동반 가능,[장소]서울특별시 구로구 연동로 240 [지역] 푸른수목원 [전화번호]  [반려동물여부] 반려동물 동반 가능 [카테고리] 관광지
187,서울특별시 종로구 성균관로 32-6,(명륜2가),1,B02,B0201,B02011600,2489908,숙박,20170414003122,http://tong.visitkorea.or.kr/cms/resource/80/2633780_image2_1.jpg,http://tong.visitkorea.or.kr/cms/resource/80/2633780_image3_1.jpg,Type3,126.9972243283,37.5856468055,6,20241205131854,23,010-7103-6993,풍경[한국관광 품질인증/Korea Quality],03074,반려동물 동반 가능,[장소]서울특별시 종로구 성균관로 32-6 [지역] 풍경[한국관광 품질인증/Korea Quality] [전화번호] 010-7103-6993 [반려동물여부] 반려동물 동반 가능 [카테고리] 숙박
188,서울특별시 송파구 한가람로 14길 16,,1,A02,A0202,A02020700,3112160,관광지,20240329152932,,,,127.1152983219,37.5358630481,6,20240731074633,18,,풍납백제문화공원,05524,반려동물 동반 가능,[장소]서울특별시 송파구 한가람로 14길 16 [지역] 풍납백제문화공원 [전화번호]  [반려동물여부] 반려동물 동반 가능 [카테고리] 관광지
189,서울특별시 중구 통일로 78,,1,B02,B0201,B02010900,2603252,숙박,20190524233258,http://tong.visitkorea.or.kr/cms/resource/24/2997624_image2_1.jpg,http://tong.visitkorea.or.kr/cms/resource/24/2997624_image3_1.jpg,Type3,126.9675887136,37.5654208468,6,20250103144638,24,02-2220-8000,프레이저 플레이스 센트럴 서울,04517,반려동물 동반 가능,[장소]서울특별시 중구 통일로 78 [지역] 프레이저 플레이스 센트럴 서울 [전화번호] 02-2220-8000 [반려동물여부] 반려동물 동반 가능 [카테고리] 숙박
190,서울특별시 중구 청구로 138,(신당동),1,B02,B0201,B02011100,2603723,숙박,20190529195339,,,,127.0083571794,37.5668964075,,20241127150804,24,010-7149-8589,플랜에이호스텔,04613,반려동물 동반 가능,[장소]서울특별시 중구 청구로 138 [지역] 플랜에이호스텔 [전화번호] 010-7149-8589 [반려동물여부] 반려동물 동반 가능 [카테고리] 숙박
191,서울특별시 용산구 이태원로 268,,1,A04,A0401,A04010600,2496563,쇼핑,20170620233159,http://tong.visitkorea.or.kr/cms/resource/51/2627551_image2_1.jpg,http://tong.visitkorea.or.kr/cms/resource/51/2627551_image3_1.jpg,Type3,127.0018474684,37.5383912690,6,20230303102151,21,02-797-4628,플랫폼 플레이스(한남점)[한국관광 품질인증/Korea Quality],04399,반려동물 동반 가능,[장소]서울특별시 용산구 이태원로 268 [지역] 플랫폼 플레이스(한남점)[한국관광 품질인증/Korea Quality] [전화번호] 02-797-4628 [반려동물여부] 반려동물 동반 가능 [카테고리] 쇼핑
192,서울특별시 서대문구 이화여대길 43 (대현동),4층,,B02,B0201,B02011100,3102126,숙박,20240217130714,,,,126.9454964679,37.5588934317,6,20240731093713,,010-4362-6296,필스테이 이화 부띠끄,03766,반려동물 동반 가능,[장소]서울특별시 서대문구 이화여대길 43 (대현동) [지역] 필스테이 이화 부띠끄 [전화번호] 010-4362-6296 [반려동물여부] 반려동물 동반 가능 [카테고리] 숙박
193,서울특별시 마포구 하늘공원로 95,,1,A02,A0202,A02020700,2654607,관광지,20200428191209,http://tong.visitkorea.or.kr/cms/resource/06/2654606_image2_1.bmp,http://tong.visitkorea.or.kr/cms/resource/06/2654606_image2_1.bmp,Type3,126.8863599027,37.5691522918,6,20250225091257,13,,하늘공원,03900,반려동물 동반 가능,[장소]서울특별시 마포구 하늘공원로 95 [지역] 하늘공원 [전화번호]  [반려동물여부] 반려동물 동반 가능 [카테고리] 관광지
194,서울특별시 종로구 자하문로 68-10,(효자동),1,B02,B0201,B02011600,2707438,숙박,20210227002908,http://tong.visitkorea.or.kr/cms/resource/68/3070268_image2_1.jpg,http://tong.visitkorea.or.kr/cms/resource/68/3070268_image3_1.jpg,Type1,126.9712823538,37.5819384379,,20241222174610,23,,하은재,03042,반려동물 동반 가능,[장소]서울특별시 종로구 자하문로 68-10 [지역] 하은재 [전화번호]  [반려동물여부] 반려동물 동반 가능 [카테고리] 숙박
195,서울특별시 종로구 필운대로6길 17-15 (통인동),,,B02,B0201,B02011100,3438558,숙박,20241206114631,,,,126.9698991840,37.5806218990,6,20241218153447,,0507-1414-0676,하이드 인 바인 서촌,03036,반려동물 동반 가능,[장소]서울특별시 종로구 필운대로6길 17-15 (통인동) [지역] 하이드 인 바인 서촌 [전화번호] 0507-1414-0676 [반려동물여부] 반려동물 동반 가능 [카테고리] 숙박
196,서울특별시 종로구 삼청로9길 13 (삼청동),"1,2층",,B02,B0201,B02011600,3438241,숙박,20241206104219,,,,126.9813590709,37.5869547021,6,20241218151840,,0507-1405-5224,한가로움,03049,반려동물 동반 가능,[장소]서울특별시 종로구 삼청로9길 13 (삼청동) [지역] 한가로움 [전화번호] 0507-1405-5224 [반려동물여부] 반려동물 동반 가능 [카테고리] 숙박
197,서울특별시 강북구 삼양로181길 168,(우이동),1,B02,B0201,B02011600,2623573,숙박,20191008235603,,,,127.0075903950,37.6712203738,,20241127151642,3,010-6210-5040,한미장,01000,반려동물 동반 가능,[장소]서울특별시 강북구 삼양로181길 168 [지역] 한미장 [전화번호] 010-6210-5040 [반려동물여부] 반려동물 동반 가능 [카테고리] 숙박
198,서울특별시 종로구 자하문로1다길 20,(체부동),1,B02,B0201,B02011100,2571971,숙박,20181201004208,http://tong.visitkorea.or.kr/cms/resource/23/2571123_image2_1.jpg,http://tong.visitkorea.or.kr/cms/resource/23/2571123_image2_1.jpg,Type3,126.9704270026,37.5774778296,,20241127151703,23,010-6248-6600,한스하우스(Hans house),03041,반려동물 동반 가능,[장소]서울특별시 종로구 자하문로1다길 20 [지역] 한스하우스(Hans house) [전화번호] 010-6248-6600 [반려동물여부] 반려동물 동반 가능 [카테고리] 숙박
199,서울특별시 종로구 북촌로 40-3,(가회동),1,B02,B0201,B02011600,2696383,숙박,20201210230903,,,,126.9854144381,37.5805582961,,20241127151728,23,,한옥 201(Hanok 201),03056,반려동물 동반 가능,[장소]서울특별시 종로구 북촌로 40-3 [지역] 한옥 201(Hanok 201) [전화번호]  [반려동물여부] 반려동물 동반 가능 [카테고리] 숙박
200,서울특별시 종로구 자하문로11길 21-10,(통인동),1,B02,B0201,B02011600,2699340,숙박,20201217032254,,,,126.9698547581,37.5801108465,,20241127151754,23,,한옥 게스트하우스 동촌재,03036,반려동물 동반 가능,[장소]서울특별시 종로구 자하문로11길 21-10 [지역] 한옥 게스트하우스 동촌재 [전화번호]  [반려동물여부] 반려동물 동반 가능 [카테고리] 숙박
201,서울특별시 성북구 성북로8길 26-3 (성북동),,,B02,B0201,B02011600,3438189,숙박,20241206103232,,,,127.0052873202,37.5913685076,6,20241218151546,,0507-1447-0476,한옥 북클럽 하우스,02834,반려동물 동반 가능,[장소]서울특별시 성북구 성북로8길 26-3 (성북동) [지역] 한옥 북클럽 하우스 [전화번호] 0507-1447-0476 [반려동물여부] 반려동물 동반 가능 [카테고리] 숙박
202,서울특별시 성북구 삼선교로6길 19-21 (삼선동1가),,,B02,B0201,B02011600,3438422,숙박,20241206111646,,,,127.0079205477,37.5866524366,6,20241218152808,,0507-1425-7972,한옥 스테이 미경,02865,반려동물 동반 가능,[장소]서울특별시 성북구 삼선교로6길 19-21 (삼선동1가) [지역] 한옥 스테이 미경 [전화번호] 0507-1425-7972 [반려동물여부] 반려동물 동반 가능 [카테고리] 숙박
203,서울특별시 은평구 진관길 5 (진관동),2층,,B02,B0201,B02011600,3438470,숙박,20241206113137,,,,126.9391641249,37.6423974970,6,20241218153144,,070-4581-7130,한옥 카키,03308,반려동물 동반 가능,[장소]서울특별시 은평구 진관길 5 (진관동) [지역] 한옥 카키 [전화번호] 070-4581-7130 [반려동물여부] 반려동물 동반 가능 [카테고리] 숙박
204,서울특별시 은평구 연서로50길 7-16 (진관동),,1,B02,B0201,B02011600,3438504,숙박,20241206114006,,,,126.9394141224,37.6416781412,6,20241218153334,22,010-3016-0551,한옥 포지티브스,03308,반려동물 동반 가능,[장소]서울특별시 은평구 연서로50길 7-16 (진관동) [지역] 한옥 포지티브스 [전화번호] 010-3016-0551 [반려동물여부] 반려동물 동반 가능 [카테고리] 숙박
205,서울특별시 종로구 필운대로3길 12 (누하동),,1,B02,B0201,B02011600,3072072,숙박,20231218132617,http://tong.visitkorea.or.kr/cms/resource/85/3070285_image2_1.jpg,http://tong.visitkorea.or.kr/cms/resource/85/3070285_image3_1.jpg,Type1,126.9683965985,37.5786693216,6,20241125115107,23,,한옥에세이 서촌,03039,반려동물 동반 가능,[장소]서울특별시 종로구 필운대로3길 12 (누하동) [지역] 한옥에세이 서촌 [전화번호]  [반려동물여부] 반려동물 동반 가능 [카테고리] 숙박
206,서울특별시 은평구 연서로50길 7-12 (진관동),,,B02,B0201,B02011600,3438527,숙박,20241206114212,,,,126.9392919172,37.6414642749,6,20241218153355,,0507-1342-1760,한울타리,03308,반려동물 동반 가능,[장소]서울특별시 은평구 연서로50길 7-12 (진관동) [지역] 한울타리 [전화번호] 0507-1342-1760 [반려동물여부] 반려동물 동반 가능 [카테고리] 숙박
207,서울특별시 종로구 북촌로 31-9 (재동),,1,A02,A0206,A02060300,3368708,문화시설,20240919104747,http://tong.visitkorea.or.kr/cms/resource/70/3368670_image2_1.JPG,http://tong.visitkorea.or.kr/cms/resource/70/3368670_image3_1.JPG,Type3,126.9844201117,37.5795917241,6,20250314143008,23,,한지가헌,03055,반려동물 동반 가능,[장소]서울특별시 종로구 북촌로 31-9 (재동) [지역] 한지가헌 [전화번호]  [반려동물여부] 반려동물 동반 가능 [카테고리] 문화시설
208,서울특별시 종로구 계동6길 4-1 (계동),,,B02,B0201,B02011600,3438295,숙박,20241206105203,,,,126.9871308932,37.5824942134,6,20241218152145,,0507-1411-1487,함한옥스테이,03057,반려동물 동반 가능,[장소]서울특별시 종로구 계동6길 4-1 (계동) [지역] 함한옥스테이 [전화번호] 0507-1411-1487 [반려동물여부] 반려동물 동반 가능 [카테고리] 숙박
209,서울특별시 종로구 북촌로11길 35-16 (가회동),,,B02,B0201,B02011600,3438368,숙박,20241206110153,,,,126.9833201183,37.5828968761,6,20241218152417,,02-540-3031,해아원,03052,반려동물 동반 가능,[장소]서울특별시 종로구 북촌로11길 35-16 (가회동) [지역] 해아원 [전화번호] 02-540-3031 [반려동물여부] 반려동물 동반 가능 [카테고리] 숙박
210,"서울특별시 서초구 바우뫼로11길 71 (우면동, 행복한집)",2층 201호,,B02,B0201,B02011100,3438411,숙박,20241206111024,,,,127.0252333019,37.4729215135,6,20241218152643,,010-5326-0626,행복스테이,06762,반려동물 동반 가능,"[장소]서울특별시 서초구 바우뫼로11길 71 (우면동, 행복한집) [지역] 행복스테이 [전화번호] 010-5326-0626 [반려동물여부] 반려동물 동반 가능 [카테고리] 숙박"
211,서울특별시 종로구 북촌로12길 35-3,(가회동),1,B02,B0201,B02011600,2607481,숙박,20190621000951,,,,126.9859254324,37.5830274626,,20241212135225,23,010-9282-2174,향운,03056,반려동물 동반 가능,[장소]서울특별시 종로구 북촌로12길 35-3 [지역] 향운 [전화번호] 010-9282-2174 [반려동물여부] 반려동물 동반 가능 [카테고리] 숙박
212,서울특별시 마포구 와우산로29마길 15-7,(서교동),1,B02,B0201,B02011100,2612215,숙박,20190720012456,,,,126.9268482681,37.5553074035,,20241125103128,13,010-7681-8861,헤이마 게스트하우스,04053,반려동물 동반 가능,[장소]서울특별시 마포구 와우산로29마길 15-7 [지역] 헤이마 게스트하우스 [전화번호] 010-7681-8861 [반려동물여부] 반려동물 동반 가능 [카테고리] 숙박
213,서울특별시 종로구 돈화문로 66,,1,B02,B0201,B02010600,1858421,숙박,20131114020845,,,,126.9911918629,37.5744146698,6,20241126103419,23,02-744-6844,호스텔 토미(구 옐로우브릭2 호스텔),03134,반려동물 동반 가능,[장소]서울특별시 종로구 돈화문로 66 [지역] 호스텔 토미(구 옐로우브릭2 호스텔) [전화번호] 02-744-6844 [반려동물여부] 반려동물 동반 가능 [카테고리] 숙박
214,서울특별시 종로구 청계천로 61,(관철동),1,B02,B0201,B02011100,2699653,숙박,20201218033214,,,,126.9843398624,37.5690401708,,20241205130928,23,,호스텔 하루,03189,반려동물 동반 가능,[장소]서울특별시 종로구 청계천로 61 [지역] 호스텔 하루 [전화번호]  [반려동물여부] 반려동물 동반 가능 [카테고리] 숙박
215,서울특별시 종로구 돈화문로 85,(와룡동),1,B02,B0201,B02010600,2662245,숙박,20200706193655,,,,126.9903057841,37.5761394532,6,20241217151714,23,070-4705-1900,호스텔코리아 11th 창덕궁점,03131,반려동물 동반 가능,[장소]서울특별시 종로구 돈화문로 85 [지역] 호스텔코리아 11th 창덕궁점 [전화번호] 070-4705-1900 [반려동물여부] 반려동물 동반 가능 [카테고리] 숙박
216,서울특별시 성북구 성북로19길 23 (성북동),,,B02,B0201,B02011100,3438188,숙박,20241206103034,,,,126.9962075601,37.5924959910,6,20241218151443,,,호우재,02879,반려동물 동반 가능,[장소]서울특별시 성북구 성북로19길 23 (성북동) [지역] 호우재 [전화번호]  [반려동물여부] 반려동물 동반 가능 [카테고리] 숙박
217,서울특별시 성북구 선잠로2길 18-8 (성북동),,,B02,B0201,B02011600,3438433,숙박,20241206112101,,,,126.9996488306,37.5954068255,6,20241218152914,,,호우재 한옥,02836,반려동물 동반 가능,[장소]서울특별시 성북구 선잠로2길 18-8 (성북동) [지역] 호우재 한옥 [전화번호]  [반려동물여부] 반려동물 동반 가능 [카테고리] 숙박
218,서울특별시 마포구 월드컵북로4길 23-3,(동교동),1,B02,B0201,B02011100,2699359,숙박,20201217041838,,,,126.9207848692,37.5575487011,,20241127155209,13,070-7787-1880,홍대스타일 게스트하우스,03992,반려동물 동반 가능,[장소]서울특별시 마포구 월드컵북로4길 23-3 [지역] 홍대스타일 게스트하우스 [전화번호] 070-7787-1880 [반려동물여부] 반려동물 동반 가능 [카테고리] 숙박
219,서울특별시 노원구 화랑로 608,,1,A02,A0202,A02020700,2654601,관광지,20200428185927,http://tong.visitkorea.or.kr/cms/resource/79/3456879_image2_1.jpg,http://tong.visitkorea.or.kr/cms/resource/79/3456879_image3_1.jpg,Type3,127.0928645166,37.6241440529,6,20250221113802,9,,화랑대 철도공원,01802,반려동물 동반 가능,[장소]서울특별시 노원구 화랑로 608 [지역] 화랑대 철도공원 [전화번호]  [반려동물여부] 반려동물 동반 가능 [카테고리] 관광지
220,서울특별시 종로구 북촌로11다길 42,,1,B02,B0201,B02011600,2950194,숙박,20230217161145,,,,126.9827229201,37.5839689621,6,20250115153856,23,0507-1373-2457,화운[한국관광 품질인증/Korea Quality],03052,반려동물 동반 가능,[장소]서울특별시 종로구 북촌로11다길 42 [지역] 화운[한국관광 품질인증/Korea Quality] [전화번호] 0507-1373-2457 [반려동물여부] 반려동물 동반 가능 [카테고리] 숙박
221,서울특별시 마포구 동교로38안길 8-1,(연남동),1,B02,B0201,B02011100,2604211,숙박,20190530230835,,,,126.9227983656,37.5649506550,,20241127155449,13,010-2922-4093,화이트테일,03982,반려동물 동반 가능,[장소]서울특별시 마포구 동교로38안길 8-1 [지역] 화이트테일 [전화번호] 010-2922-4093 [반려동물여부] 반려동물 동반 가능 [카테고리] 숙박
222,서울특별시 강서구 공항대로53나길 6-9,(등촌동),1,B02,B0201,B02011100,2610960,숙박,20190712223935,,,,126.8595266354,37.5550895591,,20241127155702,4,010-7172-9715,회랑정,07570,반려동물 동반 가능,[장소]서울특별시 강서구 공항대로53나길 6-9 [지역] 회랑정 [전화번호] 010-7172-9715 [반려동물여부] 반려동물 동반 가능 [카테고리] 숙박
223,서울특별시 종로구 효자로7길 7-5,(통의동),1,B02,B0201,B02011600,2695730,숙박,20201210034449,,,,126.9734877974,37.5787999537,,20241127155914,23,,효자스테이,03044,반려동물 동반 가능,[장소]서울특별시 종로구 효자로7길 7-5 [지역] 효자스테이 [전화번호]  [반려동물여부] 반려동물 동반 가능 [카테고리] 숙박
224,서울특별시 중구 소공로6가길 22,(회현동2가),1,B02,B0201,B02011100,2603706,숙박,20190529191649,,,,126.9819569902,37.5604272406,,20241126102807,24,010-3488-6838,1012 하우스 남산,04630,반려동물 동반 가능,[장소]서울특별시 중구 소공로6가길 22 [지역] 1012 하우스 남산 [전화번호] 010-3488-6838 [반려동물여부] 반려동물 동반 가능 [카테고리] 숙박
225,서울특별시 송파구 백제고분로22길 5,(삼전동),1,B02,B0201,B02011100,2666403,숙박,20200804190934,,,,127.0894099336,37.5033830197,,20241126102932,18,,24게스트하우스(서울 잠실점) (24게스트하우스 잠실점),05582,반려동물 동반 가능,[장소]서울특별시 송파구 백제고분로22길 5 [지역] 24게스트하우스(서울 잠실점) (24게스트하우스 잠실점) [전화번호]  [반려동물여부] 반려동물 동반 가능 [카테고리] 숙박
226,서울특별시 중구 퇴계로 343-1,(광희동2가),1,B02,B0201,B02011100,2602549,숙박,20190521190518,,,,127.0076655554,37.5675963138,,20241126103120,24,02-2272-0003,96번지 트래블러스 롯지,04565,반려동물 동반 가능,[장소]서울특별시 중구 퇴계로 343-1 [지역] 96번지 트래블러스 롯지 [전화번호] 02-2272-0003 [반려동물여부] 반려동물 동반 가능 [카테고리] 숙박
227,서울특별시 마포구 양화로 188 애경타워,,1,A04,A0401,A04010600,2900483,쇼핑,20221107161700,http://tong.visitkorea.or.kr/cms/resource/71/2900471_image2_1.jpg,http://tong.visitkorea.or.kr/cms/resource/71/2900471_image3_1.jpg,Type3,126.9265121176,37.5577987750,6,20241205151452,13,,AK&홍대,04051,반려동물 동반 가능,[장소]서울특별시 마포구 양화로 188 애경타워 [지역] AK&홍대 [전화번호]  [반려동물여부] 반려동물 동반 가능 [카테고리] 쇼핑
228,서울특별시 중구 소공로6가길 2,(회현동2가),1,B02,B0201,B02011100,2602468,숙박,20190521015330,,,,126.9817875377,37.5612549190,,20241126103150,24,02-757-8883,B my guesthouse,04630,반려동물 동반 가능,[장소]서울특별시 중구 소공로6가길 2 [지역] B my guesthouse [전화번호] 02-757-8883 [반려동물여부] 반려동물 동반 가능 [카테고리] 숙박
229,서울특별시 마포구 연희로1길 55-6,(연남동),1,B02,B0201,B02011100,2619938,숙박,20190920004048,,,,126.9260787223,37.5614150131,,20241126103221,13,010-7751-5343,brother house(artist house),03982,반려동물 동반 가능,[장소]서울특별시 마포구 연희로1길 55-6 [지역] brother house(artist house) [전화번호] 010-7751-5343 [반려동물여부] 반려동물 동반 가능 [카테고리] 숙박
230,서울특별시 용산구 청파로63길 18,(청파동1가),1,B02,B0201,B02011100,2663306,숙박,20200713194629,,,,126.9691196115,37.5484006303,,20241126103244,21,,casa cielo,04308,반려동물 동반 가능,[장소]서울특별시 용산구 청파로63길 18 [지역] casa cielo [전화번호]  [반려동물여부] 반려동물 동반 가능 [카테고리] 숙박
231,서울특별시 송파구 올림픽로 99,"(잠실동,잠실엘스128-1503)",1,B02,B0201,B02011100,2619965,숙박,20190920005539,,,,127.0816103603,37.5133567215,,20241126103306,18,010-5649-7568,Goldlady's House,05501,반려동물 동반 가능,[장소]서울특별시 송파구 올림픽로 99 [지역] Goldlady's House [전화번호] 010-5649-7568 [반려동물여부] 반려동물 동반 가능 [카테고리] 숙박
232,서울특별시 영등포구 국제금융로 10,(여의도동) IFC몰 B1,1,A04,A0401,A04010600,1988288,쇼핑,20150213003307,http://tong.visitkorea.or.kr/cms/resource/81/1996081_image2_1.jpg,http://tong.visitkorea.or.kr/cms/resource/81/1996081_image3_1.jpg,Type3,126.9248854067,37.5252358628,6,20241209102550,20,,IFC몰,07326,반려동물 동반 가능,[장소]서울특별시 영등포구 국제금융로 10 [지역] IFC몰 [전화번호]  [반려동물여부] 반려동물 동반 가능 [카테고리] 쇼핑
233,서울특별시 용산구 효창원로8길 16,"(원효로4가,한성 한강수 아파트) 101동 903호",1,B02,B0201,B02011100,2568938,숙박,20181122230410,,,,126.9512744357,37.5335103739,,20241126103507,21,010-6332-2043,Jeong's family(정스패밀리),04360,반려동물 동반 가능,[장소]서울특별시 용산구 효창원로8길 16 [지역] Jeong's family(정스패밀리) [전화번호] 010-6332-2043 [반려동물여부] 반려동물 동반 가능 [카테고리] 숙박
234,서울특별시 강남구 강남대로112길 11,(논현동),1,B02,B0201,B02011100,2666430,숙박,20200805191741,,,,127.0252740414,37.5055705015,,20241126103625,1,,K-그랜드 호스텔 강남 1(K-GRAND HOSTEL GANGNAM1),06120,반려동물 동반 가능,[장소]서울특별시 강남구 강남대로112길 11 [지역] K-그랜드 호스텔 강남 1(K-GRAND HOSTEL GANGNAM1) [전화번호]  [반려동물여부] 반려동물 동반 가능 [카테고리] 숙박
235,서울특별시 종로구 평창1길 7-4 (평창동),2층,1,B02,B0201,B02011100,3438559,숙박,20241206114845,,,,126.9635768407,37.6052328134,6,20241218153532,23,0507-1414-2388,Stay Vibe,03008,반려동물 동반 가능,[장소]서울특별시 종로구 평창1길 7-4 (평창동) [지역] Stay Vibe [전화번호] 0507-1414-2388 [반려동물여부] 반려동물 동반 가능 [카테고리] 숙박
236,서울특별시 중구 동호로 290-9,"(장충동2가,에스.비.하우스)",1,B02,B0201,B02011100,2608038,숙박,20190627004343,,,,127.0035189077,37.5606526013,,20241126104119,24,02-2266-5114,USB하우스,04617,반려동물 동반 가능,[장소]서울특별시 중구 동호로 290-9 [지역] USB하우스 [전화번호] 02-2266-5114 [반려동물여부] 반려동물 동반 가능 [카테고리] 숙박
237,서울특별시 마포구 월드컵북로6길 89-9,"2, 3층 (연남동)",1,B02,B0201,B02011100,2651936,숙박,20200408195513,,,,126.9225040709,37.5606011548,,20241126104141,13,010-4487-7740,Y's house,03990,반려동물 동반 가능,[장소]서울특별시 마포구 월드컵북로6길 89-9 [지역] Y's house [전화번호] 010-4487-7740 [반려동물여부] 반려동물 동반 가능 [카테고리] 숙박
238,서울특별시 성북구 북악산로,(성북동),1,A03,A0302,A03022700,1037031,레포츠,20100603235219,http://tong.visitkorea.or.kr/cms/resource/09/1568109_image2_1.jpg,http://tong.visitkorea.or.kr/cms/resource/09/1568109_image3_1.jpg,Type3,127.0067009665,37.5953764011,6,20241205135943,17,,[북악하늘길 스카이웨이] 하늘한마당~하늘마루,02821,반려동물 동반 가능,[장소]서울특별시 성북구 북악산로 [지역] [북악하늘길 스카이웨이] 하늘한마당~하늘마루 [전화번호]  [반려동물여부] 반려동물 동반 가능 [카테고리] 레포츠
